ID Cliente,Tamaño de Cliente,Meses Comprados,N° Meses Comprados,Activo
19,MEDIANO,"['Abril', 'Enero', 'Febrero', 'Marzo', 'Mayo']",5,0
84,MICRO,"['Abril', 'Enero', 'Febrero', 'Marzo', 'Mayo']",5,0
162,MICRO,"['Abril', 'Enero', 'Febrero', 'Marzo']",4,0
163,MICRO,"['Abril', 'Enero', 'Febrero', 'Junio', 'Marzo']",5,0
178,MICRO,"['Abril', 'Enero', 'Febrero', 'Junio', 'Marzo', 'Mayo']",6,0
194,MEDIANO,"['Abril', 'Enero', 'Febrero', 'Marzo']",4,0
215,MICRO,['Julio'],1,0
216,MICRO,['Febrero'],1,0
226,MICRO,"['Abril', 'Enero', 'Febrero', 'Marzo', 'Mayo']",5,0
254,MICRO,"['Enero', 'Febrero']",2,0
296,MICRO,"['Abril', 'Enero', 'Febrero', 'Junio', 'Marzo', 'Mayo']",6,0
304,MICRO,"['Enero', 'Febrero']",2,0
317,MICRO,"['Abril', 'Enero', 'Febrero', 'Junio', 'Marzo', 'Mayo']",6,0
331,MICRO,['Enero'],1,0
382,MICRO,"['Enero', 'Febrero']",2,0
409,MICRO,['Enero'],1,0
427,MEDIANO,['Marzo'],1,0
429,MICRO,"['Agosto', 'Julio', 'Junio', 'Marzo', 'Mayo']",5,0
473,MICRO,"['Enero', 'Febrero', 'Marzo']",3,0
510,MICRO,['Mayo'],1,0
513,MICRO,"['Abril', 'Enero', 'Febrero', 'Marzo', 'Mayo']",5,0
532,MICRO,['Enero'],1,0
545,MICRO,"['Abril', 'Enero', 'Febrero', 'Junio', 'Marzo', 'Mayo']",6,0
585,CHICO,['Enero'],1,0
590,MICRO,"['Enero', 'Febrero', 'Marzo']",3,0
597,MICRO,"['Enero', 'Febrero']",2,0
620,MICRO,"['Enero', 'Febrero', 'Marzo']",3,0
622,MICRO,"['Enero', 'Febrero', 'Marzo']",3,0
643,MICRO,"['Abril', 'Enero', 'Febrero', 'Marzo']",4,0
660,MICRO,"['Abril', 'Enero', 'Febrero', 'Junio', 'Marzo', 'Mayo']",6,0
684,MICRO,['Enero'],1,0
740,MICRO,"['Abril', 'Enero', 'Febrero', 'Marzo']",4,0
793,MICRO,"['Enero', 'Febrero', 'Julio', 'Marzo']",4,0
844,MICRO,"['Abril', 'Enero', 'Febrero', 'Marzo']",4,0
849,MICRO,"['Abril', 'Enero', 'Febrero', 'Marzo', 'Mayo']",5,0
855,MICRO,"['Enero', 'Febrero', 'Marzo']",3,0
864,MICRO,"['Abril', 'Enero', 'Febrero', 'Marzo', 'Mayo']",5,0
880,MEDIANO,"['Abril', 'Enero', 'Febrero', 'Marzo', 'Mayo']",5,0
898,MICRO,['Enero'],1,0
910,MEDIANO,"['Abril', 'Enero', 'Febrero', 'Marzo', 'Mayo']",5,0
914,MICRO,"['Enero', 'Febrero', 'Marzo']",3,0
915,MICRO,"['Abril', 'Enero', 'Febrero', 'Marzo', 'Mayo']",5,0
930,MICRO,"['Abril', 'Enero', 'Febrero', 'Marzo', 'Mayo']",5,0
944,MICRO,"['Abril', 'Enero', 'Febrero', 'Julio', 'Marzo', 'Mayo']",6,0
956,MICRO,"['Abril', 'Enero', 'Febrero']",3,0
994,MICRO,['Enero'],1,0
1024,MICRO,"['Abril', 'Enero', 'Febrero', 'Junio', 'Marzo', 'Mayo']",6,0
1037,MICRO,"['Abril', 'Enero', 'Febrero', 'Julio', 'Marzo', 'Mayo']",6,0
1043,EXT-GDE,"['Abril', 'Enero', 'Febrero', 'Junio', 'Marzo', 'Mayo']",6,0
1158,MICRO,"['Abril', 'Enero', 'Febrero', 'Junio', 'Marzo', 'Mayo']",6,0
1166,MICRO,"['Enero', 'Febrero', 'Marzo']",3,0
1173,MICRO,"['Enero', 'Febrero', 'Marzo']",3,0
1184,MICRO,"['Abril', 'Enero', 'Febrero', 'Junio', 'Marzo', 'Mayo']",6,0
1185,MICRO,"['Abril', 'Enero', 'Febrero', 'Marzo', 'Mayo']",5,0
1220,MICRO,"['Abril', 'Enero', 'Febrero', 'Marzo']",4,0
1227,MICRO,"['Diciembre', 'Noviembre', 'Septiembre']",3,0
1229,MICRO,"['Abril', 'Enero', 'Febrero', 'Marzo']",4,0
1231,MICRO,"['Enero', 'Febrero', 'Marzo']",3,0
1253,MEDIANO,"['Enero', 'Febrero']",2,0
1273,MICRO,['Enero'],1,0
1286,MICRO,"['Abril', 'Enero', 'Febrero', 'Marzo', 'Mayo']",5,0
1297,MICRO,"['Abril', 'Enero', 'Febrero', 'Junio', 'Marzo', 'Mayo']",6,0
1299,MICRO,"['Abril', 'Enero', 'Febrero', 'Junio', 'Marzo', 'Mayo']",6,0
1318,MICRO,"['Abril', 'Enero', 'Febrero', 'Marzo']",4,0
1333,GRANDE,"['Enero', 'Febrero', 'Marzo']",3,0
1367,MICRO,"['Abril', 'Enero', 'Febrero', 'Marzo', 'Mayo']",5,0
1386,MICRO,['Mayo'],1,0
1491,MICRO,"['Abril', 'Enero', 'Febrero', 'Marzo']",4,0
1522,MICRO,"['Enero', 'Febrero', 'Marzo']",3,0
1531,MICRO,"['Abril', 'Enero', 'Febrero']",3,0
1570,MEDIANO,"['Abril', 'Enero', 'Febrero', 'Marzo', 'Mayo']",5,0
1593,CHICO,"['Abril', 'Enero', 'Febrero', 'Marzo', 'Mayo']",5,0
1610,MICRO,"['Abril', 'Enero', 'Febrero', 'Marzo']",4,0
1654,MICRO,"['Abril', 'Enero', 'Febrero', 'Marzo']",4,0
1661,MICRO,"['Enero', 'Febrero', 'Marzo']",3,0
1662,MEDIANO,"['Abril', 'Enero', 'Febrero', 'Marzo', 'Mayo']",5,0
1671,MICRO,"['Enero', 'Febrero', 'Marzo']",3,0
1685,CHICO,['Marzo'],1,0
1688,MICRO,['Enero'],1,0
1708,MICRO,"['Enero', 'Febrero']",2,0
1717,MICRO,"['Diciembre', 'Noviembre']",2,0
1727,MICRO,"['Abril', 'Enero', 'Febrero', 'Marzo']",4,0
1744,MICRO,"['Enero', 'Febrero', 'Marzo']",3,0
1753,MICRO,"['Abril', 'Enero', 'Febrero', 'Junio', 'Marzo', 'Mayo']",6,0
1759,MICRO,"['Abril', 'Enero', 'Febrero', 'Marzo', 'Mayo']",5,0
1765,MICRO,"['Abril', 'Enero', 'Febrero', 'Marzo']",4,0
1793,MICRO,"['Abril', 'Enero', 'Febrero', 'Marzo', 'Mayo']",5,0
1824,CHICO,"['Abril', 'Enero', 'Febrero', 'Marzo', 'Mayo']",5,0
1837,MICRO,"['Enero', 'Febrero', 'Marzo']",3,0
1856,MICRO,"['Enero', 'Febrero']",2,0
1857,MICRO,"['Enero', 'Febrero']",2,0
1907,MEDIANO,"['Abril', 'Enero', 'Febrero', 'Marzo']",4,0
1915,MICRO,"['Abril', 'Enero', 'Febrero', 'Marzo', 'Mayo']",5,0
1947,MICRO,"['Abril', 'Enero', 'Febrero', 'Junio', 'Marzo', 'Mayo']",6,0
1949,MICRO,"['Abril', 'Junio', 'Mayo']",3,0
1950,MICRO,"['Enero', 'Febrero', 'Marzo']",3,0
1963,MICRO,"['Abril', 'Enero', 'Febrero', 'Junio', 'Marzo', 'Mayo']",6,0
1965,CHICO,['Enero'],1,0
1974,MEDIANO,"['Enero', 'Febrero', 'Marzo']",3,0
1981,MICRO,"['Enero', 'Febrero', 'Marzo']",3,0
1983,MICRO,"['Abril', 'Enero', 'Febrero', 'Junio', 'Marzo', 'Mayo']",6,0
2000,MICRO,"['Abril', 'Enero', 'Febrero', 'Marzo']",4,0
2002,MICRO,"['Enero', 'Febrero', 'Marzo']",3,0
2018,MICRO,"['Abril', 'Enero', 'Febrero', 'Junio', 'Marzo', 'Mayo']",6,0
2055,MICRO,"['Abril', 'Enero', 'Febrero', 'Marzo', 'Mayo']",5,0
2069,MEDIANO,"['Abril', 'Enero', 'Febrero', 'Marzo', 'Mayo']",5,0
2075,MICRO,"['Enero', 'Febrero']",2,0
2087,MICRO,"['Agosto', 'Octubre', 'Septiembre']",3,0
2110,MICRO,"['Abril', 'Enero', 'Febrero', 'Marzo', 'Mayo']",5,0
2119,MICRO,"['Abril', 'Enero', 'Febrero', 'Junio', 'Marzo', 'Mayo']",6,0
2139,MICRO,"['Abril', 'Enero', 'Febrero', 'Marzo']",4,0
2175,CHICO,"['Enero', 'Febrero', 'Marzo']",3,0
2180,MICRO,['Enero'],1,0
2220,MICRO,"['Abril', 'Enero', 'Febrero', 'Marzo', 'Mayo']",5,0
2225,MEDIANO,"['Abril', 'Enero', 'Febrero', 'Marzo', 'Mayo']",5,0
2232,MICRO,"['Abril', 'Enero', 'Febrero', 'Marzo', 'Mayo']",5,0
2249,MICRO,['Agosto'],1,0
2250,MICRO,['Enero'],1,0
2252,MICRO,"['Abril', 'Enero', 'Febrero', 'Junio', 'Marzo', 'Mayo']",6,0
2274,MICRO,"['Abril', 'Enero', 'Febrero', 'Marzo', 'Mayo']",5,0
2287,MICRO,"['Diciembre', 'Noviembre']",2,0
2289,CHICO,['Febrero'],1,0
2296,MICRO,"['Abril', 'Enero', 'Febrero', 'Marzo']",4,0
2305,MICRO,"['Enero', 'Febrero', 'Marzo']",3,0
2312,MICRO,['Enero'],1,0
2316,MICRO,"['Abril', 'Enero', 'Febrero', 'Marzo', 'Mayo']",5,0
2332,MICRO,"['Abril', 'Enero', 'Febrero', 'Marzo', 'Mayo']",5,0
2343,MICRO,"['Enero', 'Febrero', 'Marzo']",3,0
2353,MICRO,['Enero'],1,0
2367,MICRO,"['Abril', 'Enero', 'Febrero', 'Marzo', 'Mayo']",5,0
2370,MICRO,"['Abril', 'Enero', 'Febrero', 'Marzo', 'Mayo']",5,0
2388,MICRO,"['Abril', 'Enero', 'Febrero', 'Junio', 'Marzo', 'Mayo']",6,0
2430,MICRO,['Enero'],1,0
2477,MICRO,"['Abril', 'Enero', 'Febrero', 'Marzo', 'Mayo']",5,0
2495,MICRO,"['Enero', 'Febrero', 'Marzo']",3,0
2503,CHICO,"['Abril', 'Enero', 'Febrero', 'Marzo', 'Mayo']",5,0
2510,MICRO,"['Enero', 'Febrero', 'Marzo', 'Mayo']",4,0
2530,MEDIANO,"['Enero', 'Febrero']",2,0
2539,MICRO,"['Abril', 'Enero', 'Febrero', 'Junio', 'Marzo', 'Mayo']",6,0
2543,MICRO,"['Abril', 'Enero', 'Febrero', 'Marzo', 'Mayo']",5,0
2544,MICRO,"['Agosto', 'Noviembre', 'Octubre', 'Septiembre']",4,0
2550,MICRO,"['Abril', 'Enero', 'Febrero', 'Marzo', 'Mayo']",5,0
2553,MEDIANO,"['Enero', 'Febrero']",2,0
2558,CHICO,"['Enero', 'Febrero']",2,0
2566,MICRO,"['Abril', 'Enero', 'Febrero', 'Marzo', 'Mayo']",5,0
2576,MICRO,"['Abril', 'Enero', 'Febrero', 'Marzo']",4,0
2578,MICRO,"['Abril', 'Enero', 'Febrero', 'Marzo', 'Mayo']",5,0
2597,MICRO,"['Enero', 'Febrero', 'Marzo']",3,0
2598,MICRO,"['Abril', 'Enero', 'Febrero', 'Junio', 'Marzo', 'Mayo']",6,0
2610,MICRO,"['Enero', 'Febrero']",2,0
2617,MICRO,['Mayo'],1,0
2630,MEDIANO,"['Abril', 'Enero', 'Febrero', 'Marzo']",4,0
2634,MICRO,"['Enero', 'Febrero']",2,0
2650,MICRO,"['Abril', 'Enero', 'Febrero', 'Marzo', 'Mayo']",5,0
2667,MICRO,['Enero'],1,0
2668,MICRO,"['Enero', 'Febrero', 'Marzo']",3,0
2693,CHICO,"['Enero', 'Febrero', 'Marzo']",3,0
2695,MICRO,"['Abril', 'Febrero', 'Junio', 'Marzo', 'Mayo']",5,0
2703,CHICO,"['Abril', 'Enero', 'Febrero', 'Marzo', 'Mayo']",5,0
2721,MICRO,"['Abril', 'Enero', 'Febrero', 'Junio', 'Marzo', 'Mayo']",6,0
2733,MEDIANO,"['Enero', 'Febrero', 'Marzo']",3,0
2744,MICRO,"['Abril', 'Enero', 'Febrero', 'Marzo']",4,0
2754,MICRO,"['Enero', 'Febrero', 'Marzo']",3,0
2759,MICRO,['Enero'],1,0
2769,MICRO,"['Abril', 'Enero', 'Febrero']",3,0
2774,MICRO,"['Abril', 'Enero', 'Febrero', 'Junio', 'Marzo', 'Mayo']",6,0
2789,MICRO,"['Abril', 'Enero', 'Febrero', 'Marzo', 'Mayo']",5,0
2796,MICRO,['Julio'],1,0
2810,MEDIANO,"['Abril', 'Enero', 'Febrero', 'Junio', 'Marzo', 'Mayo']",6,0
2812,MICRO,"['Abril', 'Enero', 'Febrero', 'Junio', 'Marzo', 'Mayo']",6,0
2815,MICRO,['Enero'],1,0
2821,MICRO,"['Enero', 'Febrero', 'Marzo']",3,0
2824,MICRO,"['Enero', 'Febrero']",2,0
2835,MICRO,"['Abril', 'Enero', 'Febrero', 'Marzo', 'Mayo']",5,0
2844,MICRO,['Noviembre'],1,0
2850,MICRO,"['Abril', 'Enero', 'Febrero', 'Marzo']",4,0
2858,MICRO,['Enero'],1,0
2863,MICRO,"['Abril', 'Enero', 'Febrero', 'Marzo', 'Mayo']",5,0
2881,MICRO,"['Enero', 'Febrero', 'Marzo']",3,0
2885,MICRO,"['Abril', 'Enero', 'Febrero', 'Marzo']",4,0
2900,MICRO,"['Febrero', 'Marzo']",2,0
2901,MICRO,"['Abril', 'Enero', 'Febrero', 'Junio', 'Marzo', 'Mayo']",6,0
2902,MICRO,"['Abril', 'Enero', 'Febrero', 'Marzo', 'Mayo']",5,0
2914,MICRO,"['Abril', 'Agosto']",2,0
2926,MEDIANO,"['Enero', 'Febrero']",2,0
2932,MICRO,"['Agosto', 'Diciembre', 'Enero', 'Noviembre', 'Octubre', 'Septiembre']",6,0
2953,MICRO,"['Abril', 'Enero', 'Febrero', 'Junio', 'Marzo', 'Mayo']",6,0
2955,MICRO,"['Abril', 'Enero', 'Febrero', 'Marzo', 'Mayo']",5,0
2957,MICRO,"['Enero', 'Febrero']",2,0
2964,MICRO,"['Abril', 'Enero', 'Febrero', 'Marzo']",4,0
2966,MICRO,['Enero'],1,0
2980,MICRO,['Enero'],1,0
3000,MICRO,"['Abril', 'Enero', 'Febrero', 'Marzo']",4,0
3001,MICRO,"['Abril', 'Enero', 'Febrero', 'Marzo']",4,0
3010,CHICO,"['Abril', 'Enero', 'Febrero', 'Marzo', 'Mayo']",5,0
3021,MICRO,"['Abril', 'Enero', 'Febrero', 'Marzo']",4,0
3041,MICRO,['Enero'],1,0
3056,MICRO,"['Enero', 'Febrero', 'Marzo']",3,0
3079,MICRO,"['Abril', 'Enero', 'Febrero', 'Marzo', 'Octubre', 'Septiembre']",6,0
3085,MICRO,"['Enero', 'Febrero']",2,0
3088,MEDIANO,"['Abril', 'Enero', 'Febrero', 'Junio', 'Marzo', 'Mayo']",6,0
3096,MICRO,['Enero'],1,0
3103,CHICO,"['Abril', 'Febrero', 'Junio', 'Marzo', 'Mayo']",5,0
3105,MICRO,"['Enero', 'Febrero', 'Marzo']",3,0
3106,MICRO,"['Abril', 'Enero', 'Febrero', 'Marzo', 'Mayo']",5,0
3110,MICRO,['Marzo'],1,0
3112,MICRO,"['Enero', 'Febrero']",2,0
3119,MICRO,"['Abril', 'Enero', 'Febrero', 'Junio', 'Marzo']",5,0
3120,MEDIANO,"['Enero', 'Febrero', 'Marzo']",3,0
3129,MICRO,"['Enero', 'Febrero', 'Marzo']",3,0
3149,MICRO,['Enero'],1,0
3151,MICRO,"['Enero', 'Febrero', 'Marzo']",3,0
3166,MICRO,"['Enero', 'Febrero', 'Marzo']",3,0
3180,MICRO,"['Enero', 'Febrero']",2,0
3185,MEDIANO,"['Enero', 'Febrero']",2,0
3194,MICRO,"['Abril', 'Febrero', 'Junio', 'Marzo', 'Mayo']",5,0
3228,MICRO,['Enero'],1,0
3243,MEDIANO,['Enero'],1,0
3246,MICRO,"['Abril', 'Enero', 'Marzo']",3,0
3251,MICRO,['Enero'],1,0
3261,MICRO,['Enero'],1,0
3272,MICRO,"['Abril', 'Enero', 'Febrero', 'Marzo']",4,0
3286,MICRO,"['Enero', 'Febrero', 'Marzo']",3,0
3299,MICRO,"['Enero', 'Febrero', 'Marzo']",3,0
3300,MICRO,"['Enero', 'Febrero']",2,0
3303,MICRO,"['Enero', 'Febrero']",2,0
3305,MICRO,"['Julio', 'Junio']",2,0
3308,MEDIANO,"['Enero', 'Febrero', 'Marzo']",3,0
3320,MICRO,"['Abril', 'Enero', 'Febrero', 'Marzo']",4,0
3334,MICRO,['Enero'],1,0
3336,MICRO,['Enero'],1,0
3338,MICRO,"['Enero', 'Febrero', 'Marzo']",3,0
3343,MICRO,"['Abril', 'Enero', 'Febrero', 'Junio', 'Marzo', 'Mayo']",6,0
3352,MICRO,"['Abril', 'Enero', 'Febrero', 'Marzo', 'Mayo']",5,0
3367,MICRO,['Enero'],1,0
3375,MICRO,"['Abril', 'Enero', 'Febrero', 'Marzo', 'Mayo']",5,0
3378,MICRO,"['Abril', 'Enero', 'Febrero', 'Marzo', 'Mayo']",5,0
3383,MICRO,['Enero'],1,0
3388,MICRO,"['Abril', 'Enero', 'Febrero', 'Julio', 'Marzo', 'Mayo']",6,0
3394,MICRO,"['Enero', 'Febrero', 'Marzo']",3,0
3395,MICRO,"['Enero', 'Febrero', 'Marzo']",3,0
3407,MICRO,['Enero'],1,0
3440,CHICO,"['Enero', 'Febrero', 'Marzo']",3,0
3474,MICRO,"['Abril', 'Enero', 'Febrero', 'Junio', 'Marzo', 'Mayo']",6,0
3483,MICRO,"['Abril', 'Enero', 'Febrero', 'Marzo', 'Mayo']",5,0
3487,CHICO,"['Abril', 'Enero', 'Febrero', 'Marzo', 'Mayo']",5,0
3516,MICRO,"['Enero', 'Febrero', 'Marzo']",3,0
3522,MICRO,"['Enero', 'Febrero']",2,0
3527,CHICO,['Enero'],1,0
3528,MICRO,"['Enero', 'Febrero', 'Marzo']",3,0
3529,MICRO,"['Abril', 'Enero', 'Febrero', 'Julio', 'Marzo', 'Mayo']",6,0
3536,MICRO,['Enero'],1,0
3542,MICRO,"['Enero', 'Febrero', 'Marzo']",3,0
3545,MICRO,"['Enero', 'Febrero', 'Marzo']",3,0
3547,MICRO,"['Abril', 'Enero', 'Febrero', 'Marzo', 'Mayo']",5,0
3551,CHICO,['Enero'],1,0
3565,CHICO,"['Enero', 'Febrero', 'Marzo']",3,0
3567,CHICO,"['Abril', 'Enero', 'Febrero', 'Junio', 'Marzo', 'Mayo']",6,0
3587,MICRO,"['Abril', 'Enero', 'Febrero', 'Junio', 'Marzo', 'Mayo']",6,0
3594,MICRO,['Enero'],1,0
3604,MICRO,"['Enero', 'Febrero', 'Marzo', 'Mayo']",4,0
3621,MICRO,['Marzo'],1,0
3671,MICRO,"['Enero', 'Febrero']",2,0
3685,MICRO,['Enero'],1,0
3693,MICRO,"['Enero', 'Febrero', 'Marzo']",3,0
3700,CHICO,"['Abril', 'Enero', 'Febrero', 'Marzo', 'Mayo']",5,0
3710,MICRO,['Enero'],1,0
3717,MICRO,"['Enero', 'Febrero', 'Marzo']",3,0
3726,MICRO,"['Abril', 'Enero', 'Febrero', 'Marzo']",4,0
3732,MICRO,"['Abril', 'Enero', 'Febrero', 'Marzo']",4,0
3734,MICRO,"['Abril', 'Enero', 'Febrero', 'Marzo', 'Mayo']",5,0
3738,MICRO,"['Abril', 'Enero', 'Febrero', 'Marzo']",4,0
3742,MICRO,"['Enero', 'Febrero']",2,0
3768,MICRO,"['Abril', 'Enero', 'Febrero', 'Marzo']",4,0
3769,MICRO,"['Abril', 'Enero', 'Febrero', 'Marzo']",4,0
3791,CHICO,"['Enero', 'Febrero']",2,0
3832,MICRO,"['Abril', 'Enero', 'Febrero', 'Marzo', 'Mayo']",5,0
3833,MEDIANO,['Enero'],1,0
3841,MICRO,"['Enero', 'Febrero', 'Marzo']",3,0
3875,MICRO,"['Abril', 'Enero', 'Febrero', 'Julio', 'Marzo', 'Mayo']",6,0
3881,MICRO,"['Abril', 'Enero', 'Febrero', 'Marzo']",4,0
3885,MICRO,"['Abril', 'Enero', 'Febrero', 'Junio', 'Marzo', 'Mayo']",6,0
3893,MICRO,"['Enero', 'Febrero']",2,0
3907,MEDIANO,"['Abril', 'Enero', 'Febrero', 'Marzo', 'Mayo']",5,0
3911,MICRO,"['Abril', 'Enero', 'Febrero', 'Junio', 'Marzo', 'Mayo']",6,0
3912,MEDIANO,"['Abril', 'Enero', 'Febrero', 'Marzo']",4,0
3914,MICRO,['Febrero'],1,0
3924,MICRO,['Febrero'],1,0
3956,MICRO,"['Abril', 'Enero', 'Febrero', 'Marzo', 'Mayo']",5,0
3962,MICRO,"['Abril', 'Enero', 'Febrero', 'Marzo', 'Mayo']",5,0
3965,MICRO,"['Abril', 'Enero', 'Febrero', 'Marzo']",4,0
3967,MICRO,['Enero'],1,0
3976,MICRO,['Enero'],1,0
3984,MICRO,"['Enero', 'Febrero', 'Marzo']",3,0
3990,MICRO,"['Abril', 'Enero', 'Febrero', 'Marzo', 'Mayo']",5,0
3997,MICRO,['Diciembre'],1,0
4006,MICRO,['Febrero'],1,0
4011,CHICO,"['Enero', 'Febrero']",2,0
4028,MICRO,"['Enero', 'Febrero', 'Julio', 'Junio', 'Marzo']",5,0
4043,MICRO,['Enero'],1,0
4050,MICRO,"['Enero', 'Febrero']",2,0
4057,MICRO,"['Abril', 'Enero', 'Febrero', 'Junio', 'Marzo', 'Mayo']",6,0
4058,MICRO,['Enero'],1,0
4065,MICRO,"['Enero', 'Febrero', 'Marzo']",3,0
4089,MICRO,"['Enero', 'Febrero', 'Marzo']",3,0
4101,MICRO,['Enero'],1,0
4126,MICRO,"['Abril', 'Enero', 'Febrero', 'Junio', 'Marzo', 'Mayo']",6,0
4129,CHICO,"['Abril', 'Enero', 'Febrero', 'Marzo', 'Mayo']",5,0
4148,MICRO,"['Enero', 'Febrero', 'Marzo']",3,0
4151,CHICO,"['Enero', 'Febrero']",2,0
4152,MICRO,"['Abril', 'Enero', 'Febrero', 'Marzo']",4,0
4174,CHICO,"['Enero', 'Febrero', 'Marzo']",3,0
4179,MICRO,"['Abril', 'Enero', 'Febrero', 'Marzo', 'Mayo']",5,0
4186,MICRO,"['Enero', 'Febrero']",2,0
4195,MICRO,"['Abril', 'Enero', 'Febrero', 'Junio', 'Marzo', 'Mayo']",6,0
4217,CHICO,"['Enero', 'Febrero']",2,0
4220,EXT-GDE,['Enero'],1,0
4222,MICRO,"['Enero', 'Febrero', 'Marzo']",3,0
4226,MICRO,['Febrero'],1,0
4230,MICRO,"['Enero', 'Febrero', 'Marzo']",3,0
4231,MICRO,"['Abril', 'Enero', 'Febrero', 'Junio', 'Marzo', 'Mayo']",6,0
4240,MICRO,"['Enero', 'Febrero', 'Marzo']",3,0
4251,MICRO,"['Enero', 'Febrero', 'Marzo']",3,0
4263,MICRO,"['Abril', 'Enero', 'Febrero', 'Junio', 'Marzo', 'Mayo']",6,0
4268,MICRO,['Febrero'],1,0
4272,MICRO,"['Abril', 'Enero', 'Febrero', 'Marzo']",4,0
4280,MICRO,"['Julio', 'Noviembre']",2,0
4286,MICRO,"['Abril', 'Enero', 'Febrero', 'Marzo']",4,0
4304,MICRO,['Enero'],1,0
4307,CHICO,['Enero'],1,0
4312,MICRO,"['Abril', 'Enero', 'Febrero', 'Marzo', 'Mayo']",5,0
4329,CHICO,"['Abril', 'Enero', 'Febrero', 'Marzo']",4,0
4334,MICRO,"['Abril', 'Enero', 'Febrero', 'Marzo', 'Mayo']",5,0
4336,MICRO,"['Abril', 'Enero', 'Febrero', 'Marzo', 'Mayo']",5,0
4341,MEDIANO,"['Abril', 'Enero', 'Febrero', 'Marzo']",4,0
4356,CHICO,['Enero'],1,0
4361,MICRO,"['Abril', 'Enero', 'Febrero', 'Junio', 'Marzo', 'Mayo']",6,0
4367,MICRO,"['Abril', 'Enero', 'Febrero', 'Marzo']",4,0
4387,MICRO,"['Abril', 'Enero', 'Febrero', 'Marzo']",4,0
4389,MICRO,"['Enero', 'Febrero']",2,0
4399,MICRO,['Enero'],1,0
4402,MICRO,"['Enero', 'Febrero', 'Marzo']",3,0
4415,MICRO,"['Enero', 'Febrero']",2,0
4416,MICRO,"['Enero', 'Febrero']",2,0
4447,MEDIANO,"['Abril', 'Enero', 'Febrero', 'Marzo', 'Mayo']",5,0
4464,CHICO,"['Enero', 'Febrero', 'Marzo']",3,0
4475,MICRO,"['Enero', 'Febrero', 'Marzo']",3,0
4476,MICRO,"['Abril', 'Enero', 'Febrero', 'Marzo']",4,0
4487,MICRO,"['Enero', 'Febrero']",2,0
4493,MICRO,"['Enero', 'Febrero', 'Marzo']",3,0
4496,MICRO,['Enero'],1,0
4534,CHICO,"['Abril', 'Enero', 'Febrero', 'Marzo', 'Mayo']",5,0
4552,CHICO,"['Abril', 'Enero', 'Febrero', 'Marzo']",4,0
4556,MICRO,"['Enero', 'Febrero', 'Marzo']",3,0
4557,MICRO,"['Abril', 'Enero', 'Febrero', 'Marzo', 'Mayo']",5,0
4559,MICRO,"['Abril', 'Enero', 'Febrero', 'Marzo', 'Mayo']",5,0
4560,MICRO,"['Abril', 'Enero', 'Febrero', 'Marzo', 'Mayo']",5,0
4581,MICRO,"['Enero', 'Febrero', 'Marzo']",3,0
4588,MICRO,"['Enero', 'Febrero', 'Marzo']",3,0
4592,MICRO,"['Enero', 'Febrero']",2,0
4604,MICRO,"['Enero', 'Febrero', 'Marzo']",3,0
4605,MICRO,"['Enero', 'Febrero', 'Marzo']",3,0
4606,CHICO,"['Abril', 'Enero', 'Febrero', 'Marzo', 'Mayo']",5,0
4625,MICRO,"['Abril', 'Enero', 'Febrero', 'Marzo']",4,0
4629,MICRO,['Febrero'],1,0
4630,MICRO,"['Enero', 'Febrero']",2,0
4631,MICRO,"['Enero', 'Febrero', 'Marzo']",3,0
4635,MICRO,['Enero'],1,0
4646,MICRO,"['Abril', 'Enero', 'Febrero', 'Marzo']",4,0
4653,MICRO,['Enero'],1,0
4662,MICRO,"['Agosto', 'Febrero', 'Julio', 'Marzo', 'Mayo']",5,0
4663,MICRO,"['Abril', 'Enero', 'Febrero', 'Marzo', 'Mayo']",5,0
4679,MICRO,"['Abril', 'Enero', 'Febrero', 'Marzo', 'Mayo']",5,0
4680,MICRO,"['Abril', 'Enero', 'Febrero', 'Marzo', 'Mayo']",5,0
4689,MICRO,['Enero'],1,0
4690,MICRO,['Marzo'],1,0
4692,MICRO,"['Abril', 'Enero', 'Febrero', 'Marzo']",4,0
4701,CHICO,"['Enero', 'Febrero']",2,0
4702,MICRO,"['Abril', 'Enero', 'Febrero', 'Marzo']",4,0
4703,MICRO,"['Abril', 'Enero', 'Febrero', 'Marzo']",4,0
4712,MICRO,"['Abril', 'Enero', 'Febrero', 'Marzo']",4,0
4725,MICRO,['Enero'],1,0
4742,MICRO,"['Abril', 'Enero', 'Febrero', 'Marzo']",4,0
4752,MICRO,"['Abril', 'Enero', 'Febrero', 'Marzo', 'Mayo']",5,0
4757,CHICO,"['Enero', 'Febrero', 'Marzo']",3,0
4760,MICRO,['Enero'],1,0
4761,MICRO,"['Abril', 'Enero', 'Febrero', 'Junio', 'Marzo', 'Mayo']",6,0
4764,MICRO,['Enero'],1,0
4771,MICRO,"['Abril', 'Enero', 'Febrero', 'Marzo']",4,0
4775,MICRO,"['Abril', 'Enero', 'Febrero', 'Junio', 'Marzo', 'Mayo']",6,0
4811,MICRO,"['Abril', 'Enero', 'Febrero', 'Marzo']",4,0
4817,MICRO,"['Abril', 'Enero', 'Febrero', 'Julio', 'Marzo', 'Mayo']",6,0
4818,CHICO,['Enero'],1,0
4823,MICRO,"['Abril', 'Enero', 'Febrero', 'Junio', 'Marzo', 'Mayo']",6,0
4850,MICRO,"['Abril', 'Enero', 'Febrero', 'Marzo', 'Mayo']",5,0
4853,MICRO,"['Abril', 'Enero', 'Febrero', 'Junio', 'Marzo', 'Mayo']",6,0
4876,MICRO,"['Enero', 'Febrero', 'Marzo']",3,0
4887,MEDIANO,"['Abril', 'Enero', 'Febrero', 'Marzo', 'Mayo']",5,0
4893,MICRO,"['Abril', 'Enero', 'Febrero', 'Marzo']",4,0
4903,MEDIANO,"['Abril', 'Enero', 'Febrero', 'Marzo', 'Mayo']",5,0
4912,MICRO,"['Abril', 'Enero', 'Febrero', 'Marzo', 'Mayo']",5,0
4915,MICRO,"['Abril', 'Enero', 'Febrero', 'Julio', 'Marzo', 'Mayo']",6,0
4922,CHICO,"['Abril', 'Enero', 'Febrero', 'Junio', 'Marzo', 'Mayo']",6,0
4925,MICRO,"['Abril', 'Enero', 'Febrero', 'Junio', 'Marzo', 'Mayo']",6,0
4928,MICRO,"['Enero', 'Febrero']",2,0
4929,CHICO,"['Enero', 'Febrero', 'Marzo']",3,0
4930,MICRO,"['Abril', 'Enero', 'Febrero', 'Marzo']",4,0
4963,MICRO,"['Enero', 'Febrero']",2,0
4966,MICRO,['Enero'],1,0
4968,GRANDE,"['Enero', 'Febrero', 'Marzo']",3,0
4971,CHICO,"['Abril', 'Enero', 'Febrero', 'Marzo', 'Mayo']",5,0
4973,MICRO,"['Enero', 'Febrero', 'Marzo']",3,0
4976,MICRO,"['Abril', 'Enero', 'Febrero', 'Junio', 'Marzo', 'Mayo']",6,0
4977,MICRO,"['Enero', 'Febrero', 'Marzo']",3,0
4987,MEDIANO,['Enero'],1,0
4999,MICRO,"['Abril', 'Agosto', 'Enero', 'Febrero', 'Julio', 'Marzo']",6,0
5005,MICRO,"['Abril', 'Enero', 'Febrero', 'Marzo']",4,0
5017,MICRO,"['Abril', 'Enero', 'Febrero', 'Marzo', 'Mayo']",5,0
5025,MICRO,"['Enero', 'Febrero', 'Marzo']",3,0
5041,MICRO,"['Abril', 'Enero', 'Febrero', 'Marzo', 'Mayo']",5,0
5045,MICRO,"['Abril', 'Enero', 'Febrero', 'Marzo', 'Mayo']",5,0
5046,MICRO,['Enero'],1,0
5067,MICRO,['Enero'],1,0
5068,MEDIANO,"['Abril', 'Enero', 'Febrero', 'Junio', 'Marzo', 'Mayo']",6,0
5069,MICRO,"['Abril', 'Enero', 'Febrero', 'Marzo', 'Mayo']",5,0
5074,MICRO,"['Enero', 'Febrero', 'Marzo']",3,0
5081,MICRO,"['Enero', 'Febrero', 'Marzo']",3,0
5089,MICRO,"['Abril', 'Enero', 'Febrero', 'Junio', 'Marzo', 'Mayo']",6,0
5098,MICRO,"['Enero', 'Febrero']",2,0
5117,MICRO,"['Abril', 'Enero', 'Febrero', 'Junio', 'Marzo', 'Mayo']",6,0
5126,MICRO,"['Enero', 'Febrero', 'Marzo']",3,0
5134,MEDIANO,['Enero'],1,0
5137,MICRO,"['Abril', 'Enero', 'Febrero', 'Marzo', 'Mayo']",5,0
5141,MICRO,"['Enero', 'Febrero', 'Marzo']",3,0
5157,MICRO,"['Enero', 'Febrero']",2,0
5159,MICRO,"['Abril', 'Enero', 'Febrero', 'Junio', 'Marzo', 'Mayo']",6,0
5162,MICRO,"['Abril', 'Enero', 'Febrero', 'Marzo', 'Mayo']",5,0
5163,MICRO,"['Enero', 'Febrero']",2,0
5167,MICRO,"['Abril', 'Enero', 'Febrero', 'Marzo']",4,0
5169,CHICO,"['Enero', 'Febrero', 'Marzo']",3,0
5172,MICRO,"['Abril', 'Enero', 'Febrero']",3,0
5177,MICRO,"['Abril', 'Enero', 'Febrero', 'Marzo', 'Mayo']",5,0
5195,MICRO,"['Enero', 'Febrero', 'Marzo']",3,0
5204,MICRO,"['Enero', 'Febrero', 'Marzo']",3,0
5217,MICRO,"['Abril', 'Enero', 'Febrero', 'Marzo', 'Mayo']",5,0
5230,MICRO,"['Abril', 'Febrero', 'Marzo', 'Mayo']",4,0
5234,MICRO,['Febrero'],1,0
5240,CHICO,"['Enero', 'Febrero', 'Marzo']",3,0
5255,MICRO,"['Enero', 'Febrero', 'Marzo']",3,0
5261,MICRO,"['Enero', 'Febrero']",2,0
5273,MICRO,"['Abril', 'Enero', 'Febrero', 'Marzo', 'Mayo']",5,0
5276,MICRO,"['Abril', 'Enero', 'Febrero', 'Marzo', 'Mayo']",5,0
5289,MEDIANO,['Enero'],1,0
5298,MEDIANO,"['Abril', 'Agosto', 'Enero', 'Febrero', 'Marzo', 'Mayo']",6,0
5311,MICRO,['Enero'],1,0
5313,MICRO,"['Abril', 'Enero', 'Febrero', 'Marzo', 'Mayo']",5,0
5314,MICRO,['Febrero'],1,0
5317,MEDIANO,"['Abril', 'Enero', 'Febrero', 'Junio', 'Marzo', 'Mayo']",6,0
5318,MICRO,['Enero'],1,0
5330,MICRO,['Enero'],1,0
5332,MICRO,"['Abril', 'Enero', 'Febrero', 'Marzo']",4,0
5335,MICRO,"['Enero', 'Febrero', 'Marzo']",3,0
5337,MICRO,['Enero'],1,0
5340,MICRO,"['Abril', 'Enero', 'Febrero', 'Junio', 'Marzo', 'Mayo']",6,0
5341,MICRO,"['Enero', 'Febrero', 'Marzo']",3,0
5349,CHICO,['Enero'],1,0
5355,MICRO,"['Abril', 'Enero', 'Febrero', 'Marzo', 'Mayo']",5,0
5365,CHICO,['Enero'],1,0
5381,MICRO,"['Abril', 'Enero', 'Febrero', 'Marzo']",4,0
5387,MEDIANO,"['Abril', 'Enero', 'Febrero', 'Julio', 'Marzo']",5,0
5392,MICRO,['Enero'],1,0
5394,MICRO,['Febrero'],1,0
5397,CHICO,"['Abril', 'Enero', 'Febrero', 'Marzo']",4,0
5413,MICRO,"['Enero', 'Febrero']",2,0
5448,MICRO,"['Enero', 'Febrero']",2,0
5457,MICRO,"['Abril', 'Enero', 'Febrero', 'Marzo']",4,0
5465,MICRO,['Enero'],1,0
5467,MICRO,"['Abril', 'Enero', 'Febrero', 'Junio', 'Marzo', 'Mayo']",6,0
5481,MICRO,"['Abril', 'Enero', 'Febrero', 'Marzo']",4,0
5482,MICRO,"['Abril', 'Enero', 'Febrero', 'Marzo', 'Mayo']",5,0
5489,MICRO,"['Abril', 'Enero', 'Febrero', 'Marzo']",4,0
5491,MICRO,"['Enero', 'Febrero', 'Junio', 'Marzo']",4,0
5499,MEDIANO,"['Enero', 'Febrero', 'Marzo']",3,0
5502,MEDIANO,"['Enero', 'Febrero']",2,0
5508,MICRO,"['Enero', 'Febrero']",2,0
5524,MICRO,['Enero'],1,0
5529,MICRO,"['Enero', 'Febrero', 'Marzo', 'Mayo']",4,0
5538,MICRO,"['Enero', 'Febrero', 'Marzo']",3,0
5540,MICRO,"['Abril', 'Enero', 'Febrero', 'Junio', 'Marzo', 'Mayo']",6,0
5545,MICRO,"['Enero', 'Febrero']",2,0
5558,MICRO,"['Abril', 'Enero', 'Febrero', 'Junio', 'Marzo', 'Mayo']",6,0
5559,MEDIANO,"['Enero', 'Febrero']",2,0
5560,MICRO,"['Enero', 'Febrero']",2,0
5563,MICRO,"['Enero', 'Febrero']",2,0
5569,MICRO,"['Abril', 'Enero', 'Febrero', 'Marzo']",4,0
5571,MICRO,['Enero'],1,0
5581,MICRO,"['Enero', 'Febrero']",2,0
5585,MEDIANO,['Enero'],1,0
5586,MEDIANO,"['Febrero', 'Marzo']",2,0
5594,MICRO,"['Enero', 'Febrero', 'Marzo']",3,0
5595,MEDIANO,"['Abril', 'Enero', 'Febrero', 'Junio', 'Marzo', 'Mayo']",6,0
5598,CHICO,"['Abril', 'Enero', 'Febrero', 'Marzo', 'Mayo']",5,0
5615,MICRO,"['Enero', 'Febrero']",2,0
5616,MICRO,"['Abril', 'Enero', 'Febrero', 'Marzo']",4,0
5625,MICRO,"['Enero', 'Febrero']",2,0
5626,MICRO,"['Enero', 'Febrero', 'Marzo']",3,0
5627,MICRO,['Febrero'],1,0
5633,MICRO,['Enero'],1,0
5638,MICRO,"['Enero', 'Febrero']",2,0
5651,MICRO,"['Abril', 'Enero']",2,0
5655,MICRO,['Enero'],1,0
5666,MEDIANO,"['Enero', 'Febrero', 'Marzo']",3,0
5671,CHICO,"['Abril', 'Enero', 'Febrero', 'Marzo', 'Mayo']",5,0
5673,MICRO,"['Enero', 'Febrero']",2,0
5682,CHICO,"['Abril', 'Enero', 'Febrero', 'Marzo', 'Mayo']",5,0
5685,MEDIANO,['Enero'],1,0
5713,MEDIANO,"['Abril', 'Enero', 'Febrero', 'Marzo']",4,0
5717,MICRO,"['Enero', 'Febrero', 'Marzo']",3,0
5718,CHICO,"['Abril', 'Enero', 'Febrero', 'Junio', 'Marzo', 'Mayo']",6,0
5740,CHICO,"['Enero', 'Febrero']",2,0
5747,CHICO,"['Abril', 'Enero', 'Febrero', 'Marzo', 'Mayo']",5,0
5751,CHICO,"['Enero', 'Febrero', 'Marzo']",3,0
5754,CHICO,"['Abril', 'Enero', 'Febrero', 'Junio', 'Marzo', 'Mayo']",6,0
5756,MICRO,"['Enero', 'Febrero', 'Marzo']",3,0
5760,MICRO,['Enero'],1,0
5761,MICRO,['Enero'],1,0
5764,MICRO,['Enero'],1,0
5765,CHICO,"['Abril', 'Enero', 'Febrero', 'Marzo', 'Mayo']",5,0
5766,MICRO,"['Enero', 'Febrero']",2,0
5775,MICRO,['Enero'],1,0
5784,MICRO,"['Abril', 'Enero', 'Febrero', 'Marzo']",4,0
5788,MICRO,"['Enero', 'Febrero', 'Marzo']",3,0
5789,CHICO,['Enero'],1,0
5790,MICRO,['Mayo'],1,0
5791,MICRO,"['Abril', 'Enero', 'Febrero', 'Marzo', 'Mayo']",5,0
5795,MICRO,"['Enero', 'Febrero']",2,0
5796,MICRO,"['Abril', 'Enero', 'Febrero', 'Marzo', 'Mayo']",5,0
5803,MICRO,"['Enero', 'Febrero', 'Marzo']",3,0
5805,MICRO,"['Abril', 'Enero', 'Febrero', 'Junio', 'Marzo', 'Mayo']",6,0
5811,MEDIANO,"['Abril', 'Enero', 'Febrero', 'Marzo', 'Mayo']",5,0
5812,MICRO,"['Abril', 'Enero', 'Febrero', 'Julio', 'Marzo', 'Mayo']",6,0
5815,CHICO,"['Enero', 'Febrero']",2,0
5817,MICRO,"['Enero', 'Febrero', 'Julio', 'Marzo']",4,0
5819,MICRO,"['Enero', 'Marzo', 'Mayo']",3,0
5826,MICRO,['Enero'],1,0
5827,MICRO,['Enero'],1,0
5834,MICRO,"['Abril', 'Enero', 'Febrero', 'Marzo']",4,0
5835,MICRO,"['Enero', 'Febrero', 'Marzo']",3,0
5838,MICRO,"['Enero', 'Febrero', 'Marzo']",3,0
5840,MICRO,"['Abril', 'Enero', 'Febrero', 'Marzo', 'Mayo']",5,0
5854,MICRO,"['Abril', 'Enero', 'Febrero', 'Marzo', 'Mayo']",5,0
5859,MEDIANO,"['Enero', 'Febrero', 'Marzo']",3,0
5869,MICRO,['Enero'],1,0
5875,MICRO,"['Abril', 'Enero', 'Febrero', 'Marzo']",4,0
5877,MICRO,"['Enero', 'Febrero', 'Marzo']",3,0
5880,MICRO,"['Enero', 'Febrero']",2,0
5884,MICRO,['Enero'],1,0
5886,CHICO,"['Enero', 'Febrero']",2,0
5889,MICRO,"['Enero', 'Febrero']",2,0
5893,MICRO,['Enero'],1,0
5894,MICRO,['Enero'],1,0
5912,CHICO,"['Abril', 'Enero', 'Febrero', 'Marzo', 'Mayo']",5,0
5920,MICRO,"['Enero', 'Febrero', 'Marzo']",3,0
5921,MICRO,"['Enero', 'Febrero', 'Marzo']",3,0
5923,MICRO,"['Enero', 'Febrero', 'Marzo']",3,0
5925,MICRO,"['Abril', 'Enero', 'Febrero', 'Marzo']",4,0
5935,MICRO,"['Enero', 'Marzo']",2,0
5938,MICRO,"['Abril', 'Enero', 'Febrero', 'Marzo', 'Mayo']",5,0
5944,MICRO,"['Enero', 'Febrero']",2,0
5955,MICRO,['Enero'],1,0
5956,MEDIANO,"['Abril', 'Enero', 'Febrero', 'Marzo', 'Mayo']",5,0
5969,MICRO,"['Enero', 'Febrero']",2,0
5970,MICRO,['Enero'],1,0
5972,MICRO,"['Abril', 'Enero', 'Febrero', 'Marzo', 'Mayo']",5,0
5973,MICRO,['Febrero'],1,0
5977,MICRO,['Enero'],1,0
5980,MEDIANO,"['Abril', 'Enero', 'Febrero', 'Marzo']",4,0
5990,MICRO,"['Octubre', 'Septiembre']",2,0
5994,MICRO,"['Abril', 'Enero', 'Febrero', 'Marzo', 'Mayo']",5,0
5997,CHICO,"['Abril', 'Enero', 'Febrero', 'Junio', 'Marzo', 'Mayo']",6,0
5999,MICRO,"['Enero', 'Febrero']",2,0
6004,MICRO,"['Enero', 'Febrero', 'Marzo']",3,0
6011,MICRO,"['Enero', 'Febrero']",2,0
6017,MICRO,['Enero'],1,0
6018,MICRO,"['Enero', 'Febrero', 'Marzo']",3,0
6021,MICRO,['Enero'],1,0
6025,MICRO,"['Abril', 'Enero', 'Febrero', 'Marzo', 'Mayo']",5,0
6026,MICRO,"['Enero', 'Febrero']",2,0
6030,MICRO,['Enero'],1,0
6035,MICRO,"['Abril', 'Enero', 'Febrero', 'Junio', 'Marzo', 'Mayo']",6,0
6052,MICRO,['Enero'],1,0
6053,MICRO,"['Enero', 'Febrero', 'Marzo']",3,0
6054,CHICO,"['Enero', 'Marzo']",2,0
6057,MICRO,"['Enero', 'Febrero', 'Marzo', 'Mayo']",4,0
6063,MICRO,"['Abril', 'Enero', 'Febrero', 'Marzo']",4,0
6073,MICRO,"['Abril', 'Enero', 'Febrero', 'Junio', 'Marzo', 'Mayo']",6,0
6074,MICRO,"['Enero', 'Junio', 'Marzo']",3,0
6076,MICRO,"['Enero', 'Febrero']",2,0
6081,MICRO,"['Abril', 'Enero', 'Febrero', 'Junio', 'Marzo', 'Mayo']",6,0
6085,MICRO,"['Abril', 'Enero', 'Febrero', 'Marzo']",4,0
6086,MICRO,"['Enero', 'Febrero']",2,0
6097,MICRO,"['Enero', 'Febrero', 'Marzo']",3,0
6105,MICRO,"['Enero', 'Febrero']",2,0
6118,MICRO,"['Abril', 'Enero', 'Febrero', 'Julio', 'Marzo', 'Mayo']",6,0
6119,MICRO,"['Febrero', 'Junio', 'Noviembre']",3,0
6124,MICRO,"['Abril', 'Enero', 'Febrero', 'Marzo', 'Mayo']",5,0
6134,MICRO,"['Enero', 'Febrero', 'Marzo']",3,0
6140,MICRO,['Enero'],1,0
6143,MICRO,"['Abril', 'Enero', 'Febrero', 'Junio', 'Marzo', 'Mayo']",6,0
6153,MICRO,"['Abril', 'Enero', 'Febrero', 'Marzo', 'Mayo']",5,0
6160,MICRO,"['Enero', 'Febrero', 'Marzo']",3,0
6161,MEDIANO,"['Abril', 'Enero', 'Febrero', 'Junio', 'Marzo', 'Mayo']",6,0
6167,MICRO,"['Abril', 'Agosto', 'Enero', 'Febrero', 'Marzo', 'Mayo']",6,0
6170,MICRO,"['Abril', 'Enero', 'Febrero', 'Marzo', 'Mayo']",5,0
6172,MICRO,"['Enero', 'Febrero', 'Marzo']",3,0
6173,MICRO,"['Enero', 'Febrero', 'Marzo']",3,0
6197,MICRO,"['Enero', 'Febrero', 'Marzo']",3,0
6202,MICRO,"['Enero', 'Febrero']",2,0
6204,MICRO,"['Abril', 'Enero', 'Febrero', 'Marzo', 'Mayo']",5,0
6207,MICRO,"['Abril', 'Febrero', 'Marzo']",3,0
6211,MICRO,"['Abril', 'Febrero', 'Marzo', 'Mayo']",4,0
6227,MICRO,['Febrero'],1,0
6237,MICRO,"['Abril', 'Febrero', 'Marzo']",3,0
6246,MICRO,"['Febrero', 'Marzo']",2,0
6258,MICRO,['Febrero'],1,0
6282,MEDIANO,"['Abril', 'Marzo', 'Mayo']",3,0
6286,MICRO,"['Abril', 'Junio', 'Marzo', 'Mayo']",4,0
6290,MICRO,"['Agosto', 'Junio', 'Marzo']",3,0
6291,MICRO,"['Abril', 'Julio', 'Junio', 'Marzo', 'Mayo']",5,0
6292,MICRO,['Marzo'],1,0
6298,MEDIANO,"['Abril', 'Agosto', 'Julio', 'Junio', 'Marzo', 'Mayo']",6,0
6299,MICRO,"['Abril', 'Agosto', 'Julio', 'Marzo', 'Septiembre']",5,0
6313,MICRO,"['Abril', 'Agosto', 'Julio', 'Junio', 'Marzo', 'Mayo']",6,0
6315,MICRO,"['Abril', 'Julio', 'Marzo', 'Mayo']",4,0
6317,MICRO,"['Agosto', 'Julio', 'Junio', 'Mayo', 'Octubre', 'Septiembre']",6,0
6333,MICRO,"['Abril', 'Julio', 'Junio', 'Marzo', 'Mayo']",5,0
6337,MICRO,"['Abril', 'Marzo', 'Mayo', 'Septiembre']",4,0
6338,MICRO,"['Abril', 'Mayo']",2,0
6349,MICRO,"['Abril', 'Mayo']",2,0
6362,MICRO,"['Abril', 'Julio', 'Junio', 'Mayo']",4,0
6368,MICRO,['Abril'],1,0
6369,MICRO,['Abril'],1,0
6378,MICRO,"['Abril', 'Agosto', 'Julio', 'Junio']",4,0
6379,MICRO,"['Abril', 'Agosto', 'Julio', 'Junio', 'Mayo']",5,0
6380,MICRO,"['Abril', 'Agosto', 'Junio', 'Mayo']",4,0
6381,MICRO,"['Abril', 'Agosto', 'Julio', 'Junio', 'Mayo']",5,0
6382,MICRO,['Abril'],1,0
6389,MICRO,"['Abril', 'Mayo']",2,0
6391,MICRO,"['Agosto', 'Julio', 'Junio', 'Mayo', 'Octubre', 'Septiembre']",6,0
6399,MICRO,"['Abril', 'Agosto', 'Mayo']",3,0
6403,MICRO,"['Abril', 'Julio', 'Junio', 'Mayo']",4,0
6404,MICRO,"['Abril', 'Agosto', 'Julio', 'Junio', 'Mayo']",5,0
6407,MICRO,"['Abril', 'Julio', 'Junio']",3,0
6410,MICRO,"['Julio', 'Junio', 'Mayo']",3,0
6422,MICRO,"['Diciembre', 'Mayo']",2,0
6424,MICRO,"['Agosto', 'Julio', 'Junio', 'Mayo', 'Octubre', 'Septiembre']",6,0
6429,MICRO,"['Agosto', 'Julio', 'Junio', 'Mayo']",4,0
6433,MICRO,"['Agosto', 'Julio', 'Junio', 'Mayo']",4,0
6435,CHICO,"['Agosto', 'Julio', 'Junio', 'Mayo']",4,0
6446,MICRO,"['Junio', 'Mayo']",2,0
6452,MICRO,"['Agosto', 'Julio', 'Junio', 'Mayo', 'Octubre', 'Septiembre']",6,0
6454,MICRO,"['Julio', 'Junio', 'Mayo']",3,0
6459,MICRO,"['Julio', 'Junio', 'Mayo']",3,0
6460,MICRO,['Mayo'],1,0
6461,MICRO,"['Junio', 'Mayo']",2,0
6464,MICRO,"['Julio', 'Junio', 'Mayo']",3,0
6470,MICRO,"['Junio', 'Mayo', 'Octubre']",3,0
6472,MICRO,"['Agosto', 'Julio', 'Junio', 'Mayo', 'Octubre', 'Septiembre']",6,0
6473,MICRO,"['Agosto', 'Julio', 'Junio']",3,0
6482,MICRO,"['Agosto', 'Julio', 'Junio', 'Mayo', 'Noviembre']",5,0
6487,CHICO,"['Agosto', 'Julio', 'Junio', 'Octubre', 'Septiembre']",5,0
6512,MICRO,"['Agosto', 'Julio', 'Junio']",3,0
6519,MICRO,"['Julio', 'Junio']",2,0
6526,MICRO,"['Agosto', 'Julio', 'Junio', 'Septiembre']",4,0
6527,MICRO,['Junio'],1,0
6532,MICRO,"['Agosto', 'Julio', 'Junio']",3,0
6544,MICRO,['Junio'],1,0
6547,MICRO,"['Agosto', 'Julio']",2,0
6562,MICRO,"['Agosto', 'Julio', 'Junio']",3,0
6564,MICRO,"['Agosto', 'Julio', 'Junio']",3,0
6570,MICRO,"['Agosto', 'Julio', 'Junio', 'Septiembre']",4,0
6571,MICRO,"['Agosto', 'Junio']",2,0
6572,CHICO,"['Agosto', 'Diciembre', 'Julio', 'Junio', 'Octubre', 'Septiembre']",6,0
6576,MICRO,"['Agosto', 'Julio', 'Junio']",3,0
6583,MICRO,"['Julio', 'Junio']",2,0
6587,MICRO,"['Julio', 'Junio', 'Octubre', 'Septiembre']",4,0
6596,MICRO,"['Agosto', 'Julio', 'Junio', 'Octubre', 'Septiembre']",5,0
6597,MICRO,"['Agosto', 'Julio', 'Junio', 'Septiembre']",4,0
6600,MICRO,"['Julio', 'Junio']",2,0
6602,MICRO,"['Agosto', 'Julio', 'Junio']",3,0
6603,MICRO,"['Julio', 'Junio']",2,0
6605,MICRO,"['Agosto', 'Julio', 'Junio']",3,0
6610,MICRO,"['Julio', 'Junio']",2,0
6613,MICRO,"['Agosto', 'Julio', 'Octubre', 'Septiembre']",4,0
6618,MICRO,"['Agosto', 'Julio']",2,0
6621,MICRO,"['Agosto', 'Diciembre', 'Julio', 'Noviembre', 'Octubre', 'Septiembre']",6,0
6627,MICRO,"['Agosto', 'Julio', 'Noviembre', 'Octubre', 'Septiembre']",5,0
6629,MICRO,"['Agosto', 'Julio']",2,0
6630,MICRO,"['Agosto', 'Julio']",2,0
6639,MICRO,"['Agosto', 'Julio', 'Noviembre', 'Octubre', 'Septiembre']",5,0
6651,MICRO,['Julio'],1,0
6652,MICRO,"['Agosto', 'Diciembre', 'Julio', 'Noviembre', 'Octubre', 'Septiembre']",6,0
6667,MICRO,"['Agosto', 'Diciembre', 'Enero', 'Febrero', 'Noviembre', 'Octubre']",6,0
6672,MICRO,"['Agosto', 'Julio']",2,0
6673,MICRO,['Julio'],1,0
6675,MICRO,"['Agosto', 'Diciembre', 'Julio', 'Noviembre', 'Octubre', 'Septiembre']",6,0
6676,MICRO,['Julio'],1,0
6691,MICRO,"['Agosto', 'Julio']",2,0
6693,MICRO,['Julio'],1,0
6701,MICRO,"['Agosto', 'Diciembre', 'Julio', 'Noviembre', 'Octubre', 'Septiembre']",6,0
6706,MICRO,"['Julio', 'Septiembre']",2,0
6708,MICRO,"['Agosto', 'Julio', 'Noviembre', 'Octubre', 'Septiembre']",5,0
6734,MICRO,"['Diciembre', 'Julio']",2,0
6740,MICRO,"['Agosto', 'Julio', 'Septiembre']",3,0
6747,MICRO,"['Julio', 'Noviembre', 'Septiembre']",3,0
6750,MICRO,"['Agosto', 'Diciembre', 'Marzo', 'Noviembre', 'Octubre', 'Septiembre']",6,0
6752,MICRO,"['Agosto', 'Julio']",2,0
6754,MICRO,"['Agosto', 'Julio']",2,0
6758,MICRO,"['Agosto', 'Julio']",2,0
6763,MICRO,"['Agosto', 'Diciembre', 'Julio', 'Noviembre', 'Octubre', 'Septiembre']",6,0
6766,CHICO,"['Agosto', 'Julio', 'Noviembre', 'Octubre', 'Septiembre']",5,0
6768,MICRO,"['Diciembre', 'Julio', 'Noviembre', 'Octubre', 'Septiembre']",5,0
6773,MEDIANO,"['Agosto', 'Diciembre', 'Julio', 'Noviembre', 'Octubre', 'Septiembre']",6,0
6777,MICRO,"['Abril', 'Diciembre', 'Enero', 'Junio', 'Marzo', 'Mayo']",6,0
6789,MICRO,"['Agosto', 'Diciembre', 'Enero', 'Noviembre', 'Octubre', 'Septiembre']",6,0
6817,MICRO,['Agosto'],1,0
6821,MICRO,['Agosto'],1,0
6829,CHICO,"['Agosto', 'Diciembre', 'Noviembre', 'Octubre', 'Septiembre']",5,0
6832,MICRO,"['Agosto', 'Diciembre', 'Noviembre', 'Octubre', 'Septiembre']",5,0
6851,MICRO,"['Agosto', 'Diciembre', 'Enero', 'Noviembre', 'Octubre', 'Septiembre']",6,0
6852,MICRO,"['Agosto', 'Octubre', 'Septiembre']",3,0
6854,MICRO,"['Diciembre', 'Enero', 'Noviembre', 'Octubre', 'Septiembre']",5,0
6856,MICRO,"['Diciembre', 'Noviembre', 'Octubre', 'Septiembre']",4,0
6857,MICRO,['Septiembre'],1,0
6863,MICRO,"['Diciembre', 'Noviembre', 'Octubre', 'Septiembre']",4,0
6869,MICRO,"['Diciembre', 'Enero', 'Noviembre', 'Octubre', 'Septiembre']",5,0
6880,MICRO,"['Diciembre', 'Enero', 'Febrero', 'Noviembre', 'Octubre', 'Septiembre']",6,0
6887,MICRO,"['Diciembre', 'Enero', 'Noviembre', 'Octubre', 'Septiembre']",5,0
6889,MICRO,"['Octubre', 'Septiembre']",2,0
6893,MICRO,"['Octubre', 'Septiembre']",2,0
6909,MICRO,"['Noviembre', 'Octubre', 'Septiembre']",3,0
6911,MICRO,"['Diciembre', 'Enero', 'Febrero', 'Noviembre', 'Octubre', 'Septiembre']",6,0
6915,MICRO,"['Diciembre', 'Noviembre', 'Octubre', 'Septiembre']",4,0
6919,MICRO,"['Noviembre', 'Octubre', 'Septiembre']",3,0
6925,MICRO,['Septiembre'],1,0
6931,MICRO,"['Diciembre', 'Enero', 'Febrero', 'Noviembre', 'Octubre', 'Septiembre']",6,0
6933,MICRO,"['Diciembre', 'Enero', 'Febrero', 'Noviembre', 'Octubre', 'Septiembre']",6,0
6939,MICRO,"['Octubre', 'Septiembre']",2,0
6944,MICRO,"['Noviembre', 'Octubre', 'Septiembre']",3,0
6945,MICRO,['Septiembre'],1,0
6949,MICRO,"['Diciembre', 'Enero', 'Noviembre', 'Octubre', 'Septiembre']",5,0
6958,MICRO,"['Diciembre', 'Noviembre', 'Octubre', 'Septiembre']",4,0
6961,MICRO,"['Noviembre', 'Octubre']",2,0
6970,MICRO,['Octubre'],1,0
6972,MICRO,"['Abril', 'Diciembre', 'Enero', 'Febrero', 'Marzo', 'Mayo']",6,0
6973,MICRO,"['Diciembre', 'Enero', 'Noviembre', 'Octubre']",4,0
6974,MICRO,"['Diciembre', 'Enero', 'Febrero', 'Noviembre', 'Octubre']",5,0
6986,MICRO,"['Diciembre', 'Enero', 'Noviembre', 'Octubre']",4,0
6987,MICRO,"['Diciembre', 'Enero', 'Febrero', 'Noviembre', 'Octubre']",5,0
6994,MICRO,"['Diciembre', 'Enero', 'Noviembre', 'Octubre']",4,0
7006,MICRO,['Octubre'],1,0
7007,MICRO,['Octubre'],1,0
7008,MICRO,"['Noviembre', 'Octubre']",2,0
7018,MICRO,"['Diciembre', 'Enero', 'Febrero', 'Julio', 'Marzo', 'Noviembre']",6,0
7030,MICRO,"['Diciembre', 'Noviembre', 'Octubre']",3,0
7037,MICRO,"['Diciembre', 'Enero', 'Febrero', 'Noviembre', 'Octubre']",5,0
7038,MICRO,"['Diciembre', 'Enero', 'Febrero', 'Marzo', 'Noviembre']",5,0
7040,MICRO,"['Enero', 'Febrero', 'Marzo', 'Octubre', 'Septiembre']",5,0
7042,MICRO,"['Noviembre', 'Octubre']",2,0
7050,MICRO,"['Diciembre', 'Noviembre', 'Octubre']",3,0
7051,MICRO,"['Enero', 'Noviembre', 'Octubre']",3,0
7053,MICRO,"['Diciembre', 'Enero', 'Octubre']",3,0
7057,MICRO,"['Noviembre', 'Octubre']",2,0
7062,MICRO,"['Noviembre', 'Octubre']",2,0
7064,MICRO,['Octubre'],1,0
7065,MICRO,['Octubre'],1,0
7066,MICRO,"['Diciembre', 'Enero', 'Noviembre', 'Octubre']",4,0
7067,MICRO,"['Diciembre', 'Noviembre', 'Octubre']",3,0
7069,MICRO,"['Diciembre', 'Enero', 'Febrero', 'Marzo', 'Noviembre', 'Octubre']",6,0
7073,MICRO,"['Abril', 'Enero', 'Febrero', 'Marzo', 'Noviembre']",5,0
7075,MICRO,"['Diciembre', 'Noviembre', 'Octubre']",3,0
7076,MICRO,"['Diciembre', 'Noviembre', 'Octubre']",3,0
7077,MICRO,"['Noviembre', 'Octubre']",2,0
7078,MICRO,"['Diciembre', 'Noviembre', 'Octubre']",3,0
7092,MICRO,"['Diciembre', 'Enero', 'Febrero']",3,0
7101,MICRO,"['Diciembre', 'Noviembre']",2,0
7102,MICRO,"['Diciembre', 'Noviembre']",2,0
7112,MICRO,"['Diciembre', 'Enero', 'Febrero', 'Marzo', 'Noviembre']",5,0
7117,MICRO,"['Diciembre', 'Enero', 'Febrero', 'Noviembre']",4,0
7118,MICRO,"['Diciembre', 'Noviembre']",2,0
7125,MICRO,"['Diciembre', 'Enero', 'Febrero', 'Noviembre']",4,0
7126,MICRO,"['Diciembre', 'Enero', 'Febrero', 'Marzo', 'Noviembre']",5,0
7137,MICRO,"['Diciembre', 'Noviembre']",2,0
7146,MICRO,"['Diciembre', 'Noviembre']",2,0
7147,MICRO,"['Diciembre', 'Enero', 'Febrero', 'Noviembre']",4,0
7174,MICRO,"['Diciembre', 'Enero', 'Febrero', 'Marzo', 'Noviembre']",5,0
7179,MICRO,"['Diciembre', 'Enero', 'Febrero', 'Marzo', 'Noviembre']",5,0
7180,MICRO,['Diciembre'],1,0
7182,MEDIANO,"['Abril', 'Diciembre', 'Enero', 'Febrero', 'Marzo', 'Mayo']",6,0
7206,MICRO,['Diciembre'],1,0
7209,MICRO,"['Diciembre', 'Enero']",2,0
7210,MICRO,"['Diciembre', 'Enero', 'Febrero', 'Marzo']",4,0
7211,MICRO,"['Abril', 'Diciembre', 'Enero', 'Junio', 'Marzo', 'Mayo']",6,0
7218,EXT-GDE,"['Abril', 'Diciembre', 'Enero', 'Febrero', 'Marzo']",5,0
7219,MICRO,['Diciembre'],1,0
7221,MICRO,['Diciembre'],1,0
7222,MICRO,"['Diciembre', 'Febrero']",2,0
7228,MICRO,['Diciembre'],1,0
7232,MICRO,"['Diciembre', 'Enero']",2,0
7242,MICRO,"['Abril', 'Diciembre', 'Enero', 'Febrero', 'Marzo', 'Mayo']",6,0
7243,MICRO,['Diciembre'],1,0
7246,MICRO,"['Diciembre', 'Enero']",2,0
7248,MEDIANO,"['Diciembre', 'Enero', 'Febrero', 'Marzo']",4,0
7249,MICRO,['Diciembre'],1,0
7254,CHICO,"['Abril', 'Diciembre', 'Enero', 'Febrero', 'Marzo', 'Mayo']",6,0
7256,MICRO,"['Diciembre', 'Enero', 'Febrero', 'Marzo']",4,0
7258,MICRO,"['Diciembre', 'Enero']",2,0
7271,MICRO,"['Diciembre', 'Enero']",2,0
7273,MICRO,"['Abril', 'Enero', 'Febrero', 'Junio', 'Marzo', 'Mayo']",6,0
7276,MICRO,"['Abril', 'Diciembre', 'Enero', 'Febrero', 'Marzo', 'Mayo']",6,0
7279,MICRO,"['Diciembre', 'Enero', 'Febrero', 'Marzo']",4,0
7285,MICRO,['Enero'],1,0
7287,MICRO,['Enero'],1,0
7299,MICRO,"['Enero', 'Febrero']",2,0
7301,MICRO,"['Abril', 'Enero', 'Febrero', 'Marzo']",4,0
7302,MICRO,['Enero'],1,0
7312,MEDIANO,"['Abril', 'Enero', 'Febrero', 'Marzo', 'Mayo']",5,0
7336,MICRO,['Enero'],1,0
7348,MICRO,"['Abril', 'Enero', 'Febrero', 'Junio', 'Marzo', 'Mayo']",6,0
7349,MICRO,"['Enero', 'Febrero', 'Marzo']",3,0
7353,MICRO,"['Abril', 'Enero', 'Febrero', 'Marzo']",4,0
7358,MICRO,"['Enero', 'Marzo']",2,0
7362,MICRO,"['Enero', 'Febrero', 'Marzo']",3,0
7367,MICRO,"['Abril', 'Enero', 'Febrero', 'Junio', 'Marzo', 'Mayo']",6,0
7370,MICRO,"['Abril', 'Enero', 'Febrero', 'Marzo']",4,0
7374,MICRO,"['Abril', 'Enero', 'Febrero', 'Marzo']",4,0
7378,MICRO,"['Abril', 'Enero', 'Febrero', 'Marzo', 'Mayo']",5,0
7382,MICRO,"['Abril', 'Enero', 'Febrero', 'Junio', 'Marzo', 'Mayo']",6,0
7390,CHICO,"['Abril', 'Enero', 'Febrero', 'Marzo', 'Mayo']",5,0
7398,MICRO,['Febrero'],1,0
7402,MICRO,"['Enero', 'Febrero', 'Marzo', 'Mayo']",4,0
7407,MICRO,"['Abril', 'Febrero', 'Marzo', 'Mayo']",4,0
7417,MICRO,"['Abril', 'Febrero', 'Marzo']",3,0
7426,MICRO,"['Febrero', 'Marzo']",2,0
7427,MICRO,['Febrero'],1,0
7431,MICRO,"['Abril', 'Febrero', 'Marzo', 'Mayo']",4,0
7433,MICRO,"['Abril', 'Febrero', 'Marzo', 'Mayo']",4,0
7435,MICRO,"['Abril', 'Febrero', 'Julio', 'Junio', 'Marzo', 'Mayo']",6,0
7441,MICRO,"['Abril', 'Febrero', 'Marzo']",3,0
7442,MICRO,"['Abril', 'Febrero', 'Julio', 'Junio', 'Marzo', 'Mayo']",6,0
7444,MICRO,"['Abril', 'Febrero', 'Marzo', 'Mayo']",4,0
7445,MICRO,"['Abril', 'Febrero', 'Marzo']",3,0
7447,MICRO,"['Abril', 'Febrero', 'Junio', 'Marzo', 'Mayo']",5,0
7449,MEDIANO,"['Abril', 'Febrero', 'Marzo', 'Mayo']",4,0
7454,MICRO,['Marzo'],1,0
7462,MICRO,"['Abril', 'Febrero', 'Marzo']",3,0
7471,MICRO,"['Febrero', 'Marzo']",2,0
7472,MICRO,"['Abril', 'Febrero', 'Julio', 'Junio', 'Mayo']",5,0
7474,MICRO,"['Abril', 'Febrero', 'Marzo', 'Mayo']",4,0
7480,GRANDE,"['Abril', 'Febrero', 'Julio', 'Junio', 'Marzo', 'Mayo']",6,0
7494,MICRO,"['Febrero', 'Marzo']",2,0
7513,MICRO,"['Abril', 'Agosto', 'Julio', 'Junio', 'Marzo', 'Mayo']",6,0
7514,MICRO,"['Abril', 'Julio', 'Junio', 'Marzo', 'Mayo']",5,0
7523,MICRO,['Marzo'],1,0
7524,MICRO,"['Abril', 'Marzo']",2,0
7532,MICRO,"['Abril', 'Diciembre', 'Marzo', 'Noviembre', 'Octubre', 'Septiembre']",6,0
7536,MICRO,"['Abril', 'Junio', 'Marzo', 'Mayo']",4,0
7541,MICRO,"['Abril', 'Marzo', 'Mayo']",3,0
7555,MICRO,"['Abril', 'Marzo', 'Mayo']",3,0
7556,MEDIANO,"['Abril', 'Agosto', 'Junio', 'Marzo', 'Septiembre']",5,0
7557,MICRO,"['Abril', 'Marzo', 'Mayo']",3,0
7564,MICRO,"['Abril', 'Marzo']",2,0
7569,MICRO,['Marzo'],1,0
7582,MICRO,"['Abril', 'Julio', 'Junio', 'Marzo', 'Mayo']",5,0
7591,MICRO,"['Abril', 'Junio', 'Marzo', 'Mayo']",4,0
7600,MICRO,"['Abril', 'Junio', 'Marzo', 'Mayo']",4,0
7603,MICRO,"['Abril', 'Julio', 'Junio', 'Marzo', 'Mayo']",5,0
7604,MICRO,"['Abril', 'Julio', 'Junio', 'Marzo', 'Mayo']",5,0
7619,MICRO,"['Abril', 'Julio', 'Mayo']",3,0
7622,MICRO,"['Abril', 'Agosto', 'Diciembre', 'Junio', 'Mayo']",5,0
7630,MICRO,"['Abril', 'Agosto', 'Julio', 'Junio', 'Mayo', 'Septiembre']",6,0
7635,MEDIANO,"['Abril', 'Agosto', 'Julio', 'Junio', 'Mayo', 'Septiembre']",6,0
7639,MICRO,"['Abril', 'Julio', 'Junio', 'Mayo', 'Octubre', 'Septiembre']",6,0
7658,EXT-GDE,"['Abril', 'Agosto', 'Julio', 'Junio', 'Mayo']",5,0
7671,MICRO,"['Abril', 'Julio', 'Mayo']",3,0
7676,MICRO,"['Abril', 'Agosto', 'Julio', 'Junio', 'Mayo', 'Septiembre']",6,0
7686,MICRO,"['Junio', 'Mayo']",2,0
7687,MICRO,"['Agosto', 'Julio', 'Junio', 'Mayo']",4,0
7698,MICRO,"['Agosto', 'Julio', 'Junio', 'Mayo']",4,0
7709,MICRO,"['Agosto', 'Julio', 'Junio', 'Mayo', 'Octubre', 'Septiembre']",6,0
7729,MICRO,"['Agosto', 'Julio', 'Junio', 'Mayo', 'Octubre', 'Septiembre']",6,0
7743,MICRO,"['Agosto', 'Julio', 'Junio', 'Mayo']",4,0
7751,MICRO,['Mayo'],1,0
7757,MICRO,"['Agosto', 'Diciembre', 'Julio', 'Mayo', 'Septiembre']",5,0
7775,MICRO,"['Agosto', 'Julio', 'Junio', 'Mayo']",4,0
7794,MICRO,['Junio'],1,0
7795,MICRO,"['Julio', 'Junio']",2,0
7798,MICRO,"['Julio', 'Junio', 'Septiembre']",3,0
7800,MICRO,"['Agosto', 'Julio', 'Junio', 'Septiembre']",4,0
7822,MICRO,"['Agosto', 'Diciembre', 'Julio', 'Junio', 'Octubre', 'Septiembre']",6,0
7831,MICRO,"['Agosto', 'Julio', 'Junio', 'Octubre', 'Septiembre']",5,0
7836,MICRO,"['Agosto', 'Julio', 'Junio', 'Noviembre', 'Octubre', 'Septiembre']",6,0
7851,MICRO,"['Agosto', 'Julio', 'Junio', 'Noviembre', 'Octubre', 'Septiembre']",6,0
7857,MICRO,"['Agosto', 'Julio', 'Junio', 'Noviembre', 'Octubre', 'Septiembre']",6,0
7860,MEDIANO,"['Agosto', 'Diciembre', 'Julio', 'Noviembre', 'Octubre', 'Septiembre']",6,0
7864,MICRO,"['Agosto', 'Diciembre', 'Junio', 'Noviembre', 'Octubre', 'Septiembre']",6,0
7868,MICRO,"['Agosto', 'Diciembre', 'Julio', 'Noviembre', 'Octubre', 'Septiembre']",6,0
7873,MICRO,"['Agosto', 'Julio', 'Junio', 'Septiembre']",4,0
7876,MICRO,"['Agosto', 'Diciembre', 'Julio', 'Noviembre', 'Octubre', 'Septiembre']",6,0
7877,MICRO,"['Agosto', 'Diciembre', 'Julio', 'Noviembre', 'Octubre', 'Septiembre']",6,0
7878,MICRO,"['Agosto', 'Julio', 'Septiembre']",3,0
7879,MICRO,"['Agosto', 'Diciembre', 'Julio', 'Noviembre', 'Octubre', 'Septiembre']",6,0
7880,MICRO,"['Agosto', 'Diciembre', 'Julio', 'Noviembre', 'Octubre', 'Septiembre']",6,0
7881,MICRO,"['Agosto', 'Diciembre', 'Julio', 'Noviembre', 'Octubre', 'Septiembre']",6,0
7882,EXT-GDE,"['Agosto', 'Julio', 'Noviembre', 'Octubre', 'Septiembre']",5,0
7883,MICRO,"['Agosto', 'Julio', 'Octubre', 'Septiembre']",4,0
7884,MICRO,"['Agosto', 'Diciembre', 'Julio', 'Noviembre', 'Octubre', 'Septiembre']",6,0
7885,CHICO,"['Agosto', 'Diciembre', 'Julio', 'Noviembre', 'Octubre', 'Septiembre']",6,0
7886,GRANDE,"['Agosto', 'Diciembre', 'Julio', 'Noviembre', 'Octubre', 'Septiembre']",6,0
7887,MICRO,"['Agosto', 'Julio', 'Noviembre', 'Octubre', 'Septiembre']",5,0
7888,CHICO,"['Agosto', 'Diciembre', 'Julio', 'Noviembre', 'Octubre', 'Septiembre']",6,0
7889,MICRO,"['Agosto', 'Diciembre', 'Julio', 'Noviembre', 'Octubre', 'Septiembre']",6,0
7890,MEDIANO,"['Agosto', 'Diciembre', 'Julio', 'Noviembre', 'Octubre', 'Septiembre']",6,0
7891,MEDIANO,"['Agosto', 'Diciembre', 'Julio', 'Noviembre', 'Octubre', 'Septiembre']",6,0
7892,MICRO,"['Agosto', 'Diciembre', 'Julio', 'Noviembre', 'Octubre', 'Septiembre']",6,0
7893,MICRO,"['Agosto', 'Julio', 'Noviembre', 'Octubre', 'Septiembre']",5,0
7894,CHICO,"['Agosto', 'Diciembre', 'Julio', 'Noviembre', 'Octubre', 'Septiembre']",6,0
7895,MICRO,"['Agosto', 'Diciembre', 'Julio', 'Noviembre', 'Octubre', 'Septiembre']",6,0
7896,MEDIANO,"['Agosto', 'Diciembre', 'Julio', 'Noviembre', 'Octubre', 'Septiembre']",6,0
7897,MICRO,"['Agosto', 'Diciembre', 'Julio', 'Noviembre', 'Octubre', 'Septiembre']",6,0
7898,GRANDE,"['Agosto', 'Diciembre', 'Julio', 'Noviembre', 'Octubre', 'Septiembre']",6,0
7899,MICRO,"['Agosto', 'Julio', 'Noviembre', 'Octubre', 'Septiembre']",5,0
7900,MICRO,"['Agosto', 'Diciembre', 'Julio', 'Noviembre', 'Octubre', 'Septiembre']",6,0
7901,MICRO,['Julio'],1,0
7902,MICRO,"['Agosto', 'Diciembre', 'Julio', 'Noviembre', 'Octubre', 'Septiembre']",6,0
7903,MICRO,"['Agosto', 'Diciembre', 'Julio', 'Noviembre', 'Octubre', 'Septiembre']",6,0
7904,MICRO,"['Agosto', 'Diciembre', 'Julio', 'Noviembre', 'Octubre', 'Septiembre']",6,0
7905,MEDIANO,"['Agosto', 'Diciembre', 'Julio', 'Noviembre', 'Octubre', 'Septiembre']",6,0
7906,MEDIANO,"['Agosto', 'Diciembre', 'Julio', 'Noviembre', 'Octubre', 'Septiembre']",6,0
7907,MEDIANO,"['Agosto', 'Diciembre', 'Julio', 'Noviembre', 'Octubre', 'Septiembre']",6,0
7908,MICRO,"['Agosto', 'Diciembre', 'Julio', 'Noviembre', 'Octubre', 'Septiembre']",6,0
7909,MICRO,"['Agosto', 'Diciembre', 'Julio', 'Noviembre', 'Octubre', 'Septiembre']",6,0
7910,CHICO,"['Agosto', 'Diciembre', 'Julio', 'Noviembre', 'Octubre', 'Septiembre']",6,0
7911,MEDIANO,"['Agosto', 'Diciembre', 'Julio', 'Noviembre', 'Octubre', 'Septiembre']",6,0
7912,GRANDE,"['Agosto', 'Diciembre', 'Julio', 'Noviembre', 'Octubre', 'Septiembre']",6,0
7913,EXT-GDE,"['Agosto', 'Diciembre', 'Julio', 'Noviembre', 'Octubre', 'Septiembre']",6,0
7914,CHICO,"['Agosto', 'Diciembre', 'Julio', 'Noviembre', 'Octubre', 'Septiembre']",6,0
7915,MICRO,"['Agosto', 'Diciembre', 'Julio', 'Noviembre', 'Octubre', 'Septiembre']",6,0
7916,GRANDE,"['Agosto', 'Diciembre', 'Julio', 'Noviembre', 'Octubre', 'Septiembre']",6,0
7917,MICRO,"['Agosto', 'Diciembre', 'Julio', 'Noviembre', 'Octubre', 'Septiembre']",6,0
7918,MICRO,"['Agosto', 'Diciembre', 'Julio', 'Noviembre', 'Octubre', 'Septiembre']",6,0
7919,GRANDE,"['Agosto', 'Diciembre', 'Julio', 'Noviembre', 'Octubre', 'Septiembre']",6,0
7920,MICRO,"['Agosto', 'Julio', 'Octubre', 'Septiembre']",4,0
7921,CHICO,"['Agosto', 'Diciembre', 'Julio', 'Noviembre', 'Octubre', 'Septiembre']",6,0
7922,MEDIANO,"['Agosto', 'Diciembre', 'Julio', 'Noviembre', 'Octubre', 'Septiembre']",6,0
7923,CHICO,"['Agosto', 'Diciembre', 'Julio', 'Noviembre', 'Octubre', 'Septiembre']",6,0
7924,MICRO,"['Agosto', 'Diciembre', 'Julio', 'Noviembre', 'Octubre', 'Septiembre']",6,0
7925,MICRO,"['Agosto', 'Diciembre', 'Julio', 'Noviembre', 'Octubre', 'Septiembre']",6,0
7926,MEDIANO,"['Agosto', 'Diciembre', 'Julio', 'Noviembre', 'Octubre', 'Septiembre']",6,0
7927,MEDIANO,"['Agosto', 'Diciembre', 'Julio', 'Noviembre', 'Octubre', 'Septiembre']",6,0
7928,CHICO,"['Agosto', 'Diciembre', 'Julio', 'Noviembre', 'Octubre', 'Septiembre']",6,0
7929,MICRO,"['Agosto', 'Diciembre', 'Julio', 'Noviembre', 'Octubre', 'Septiembre']",6,0
7930,MICRO,['Julio'],1,0
7931,MICRO,"['Agosto', 'Diciembre', 'Julio', 'Noviembre', 'Octubre', 'Septiembre']",6,0
7932,MICRO,"['Agosto', 'Diciembre', 'Julio', 'Noviembre', 'Octubre', 'Septiembre']",6,0
7933,MICRO,"['Agosto', 'Diciembre', 'Julio', 'Noviembre', 'Octubre', 'Septiembre']",6,0
7934,MICRO,['Julio'],1,0
7935,CHICO,"['Agosto', 'Diciembre', 'Julio', 'Noviembre', 'Octubre', 'Septiembre']",6,0
7936,MICRO,"['Agosto', 'Diciembre', 'Julio', 'Noviembre', 'Octubre', 'Septiembre']",6,0
7937,MICRO,"['Agosto', 'Diciembre', 'Julio', 'Noviembre', 'Octubre', 'Septiembre']",6,0
7938,MICRO,"['Agosto', 'Diciembre', 'Julio', 'Septiembre']",4,0
7939,MICRO,"['Agosto', 'Diciembre', 'Julio', 'Noviembre', 'Octubre', 'Septiembre']",6,0
7940,MICRO,"['Agosto', 'Diciembre', 'Julio', 'Noviembre', 'Octubre', 'Septiembre']",6,0
7941,MICRO,"['Agosto', 'Diciembre', 'Julio', 'Noviembre', 'Octubre', 'Septiembre']",6,0
7942,MICRO,"['Agosto', 'Diciembre', 'Julio', 'Noviembre', 'Octubre', 'Septiembre']",6,0
7943,CHICO,"['Agosto', 'Diciembre', 'Julio', 'Noviembre', 'Octubre', 'Septiembre']",6,0
7944,MICRO,"['Agosto', 'Diciembre', 'Noviembre', 'Octubre', 'Septiembre']",5,0
7945,MICRO,"['Agosto', 'Diciembre', 'Julio', 'Noviembre', 'Octubre', 'Septiembre']",6,0
7946,MICRO,"['Agosto', 'Diciembre', 'Julio', 'Noviembre', 'Octubre', 'Septiembre']",6,0
7947,MICRO,"['Agosto', 'Diciembre', 'Julio', 'Noviembre', 'Octubre', 'Septiembre']",6,0
7948,MEDIANO,"['Agosto', 'Diciembre', 'Julio', 'Noviembre', 'Octubre', 'Septiembre']",6,0
7949,MICRO,"['Agosto', 'Diciembre', 'Julio', 'Noviembre', 'Octubre', 'Septiembre']",6,0
7950,MEDIANO,"['Agosto', 'Diciembre', 'Julio', 'Noviembre', 'Octubre', 'Septiembre']",6,0
7951,MICRO,"['Agosto', 'Diciembre', 'Julio', 'Noviembre', 'Octubre', 'Septiembre']",6,0
7952,MICRO,"['Agosto', 'Diciembre', 'Julio', 'Noviembre', 'Octubre', 'Septiembre']",6,0
7953,MICRO,"['Agosto', 'Diciembre', 'Julio', 'Noviembre', 'Octubre', 'Septiembre']",6,0
7954,MICRO,"['Agosto', 'Diciembre', 'Julio', 'Noviembre', 'Octubre', 'Septiembre']",6,0
7955,MICRO,"['Agosto', 'Diciembre', 'Julio', 'Noviembre', 'Octubre', 'Septiembre']",6,0
7956,MICRO,"['Agosto', 'Diciembre', 'Julio', 'Noviembre', 'Octubre', 'Septiembre']",6,0
7957,MICRO,"['Agosto', 'Diciembre', 'Julio', 'Noviembre', 'Octubre', 'Septiembre']",6,0
7958,MICRO,"['Agosto', 'Diciembre', 'Julio', 'Noviembre', 'Octubre', 'Septiembre']",6,0
7959,MICRO,"['Agosto', 'Diciembre', 'Julio', 'Noviembre', 'Octubre', 'Septiembre']",6,0
7960,MICRO,"['Agosto', 'Diciembre', 'Julio', 'Noviembre', 'Octubre', 'Septiembre']",6,0
7961,MICRO,"['Agosto', 'Julio', 'Septiembre']",3,0
7962,CHICO,"['Agosto', 'Diciembre', 'Julio', 'Noviembre', 'Octubre', 'Septiembre']",6,0
7963,CHICO,"['Agosto', 'Diciembre', 'Julio', 'Noviembre', 'Octubre', 'Septiembre']",6,0
7964,MICRO,"['Agosto', 'Diciembre', 'Julio', 'Noviembre', 'Octubre', 'Septiembre']",6,0
7965,MICRO,"['Agosto', 'Diciembre', 'Julio', 'Noviembre', 'Octubre', 'Septiembre']",6,0
7966,MICRO,['Julio'],1,0
7967,MICRO,"['Agosto', 'Diciembre', 'Julio', 'Noviembre', 'Octubre', 'Septiembre']",6,0
7968,CHICO,"['Agosto', 'Diciembre', 'Julio', 'Noviembre', 'Octubre', 'Septiembre']",6,0
7969,MICRO,"['Agosto', 'Diciembre', 'Julio', 'Noviembre', 'Octubre', 'Septiembre']",6,0
7970,CHICO,"['Agosto', 'Diciembre', 'Julio', 'Noviembre', 'Octubre', 'Septiembre']",6,0
7971,MICRO,"['Agosto', 'Diciembre', 'Julio', 'Noviembre', 'Octubre', 'Septiembre']",6,0
7972,CHICO,"['Agosto', 'Diciembre', 'Julio', 'Noviembre', 'Octubre', 'Septiembre']",6,0
7973,MICRO,"['Agosto', 'Julio', 'Septiembre']",3,0
7974,MICRO,"['Agosto', 'Diciembre', 'Noviembre', 'Octubre', 'Septiembre']",5,0
7975,CHICO,"['Agosto', 'Diciembre', 'Noviembre', 'Octubre', 'Septiembre']",5,0
7976,MEDIANO,"['Agosto', 'Diciembre', 'Noviembre', 'Octubre', 'Septiembre']",5,0
7977,MICRO,"['Agosto', 'Diciembre', 'Noviembre', 'Octubre', 'Septiembre']",5,0
7978,CHICO,"['Agosto', 'Diciembre', 'Noviembre', 'Octubre', 'Septiembre']",5,0
7979,CHICO,"['Agosto', 'Diciembre', 'Noviembre', 'Octubre', 'Septiembre']",5,0
7980,MEDIANO,"['Agosto', 'Diciembre', 'Noviembre', 'Octubre', 'Septiembre']",5,0
7981,MICRO,"['Agosto', 'Diciembre', 'Noviembre', 'Octubre', 'Septiembre']",5,0
7982,MICRO,"['Agosto', 'Diciembre', 'Noviembre', 'Octubre', 'Septiembre']",5,0
7983,GRANDE,"['Agosto', 'Diciembre', 'Noviembre', 'Octubre', 'Septiembre']",5,0
7984,MICRO,"['Agosto', 'Diciembre', 'Noviembre', 'Octubre', 'Septiembre']",5,0
7985,CHICO,"['Agosto', 'Diciembre', 'Noviembre', 'Octubre', 'Septiembre']",5,0
7986,CHICO,"['Agosto', 'Diciembre', 'Noviembre', 'Octubre', 'Septiembre']",5,0
7987,MICRO,"['Agosto', 'Diciembre', 'Noviembre', 'Octubre', 'Septiembre']",5,0
7988,CHICO,"['Agosto', 'Diciembre', 'Noviembre', 'Octubre', 'Septiembre']",5,0
7989,CHICO,"['Agosto', 'Diciembre', 'Noviembre', 'Octubre', 'Septiembre']",5,0
7990,GRANDE,"['Agosto', 'Diciembre', 'Noviembre', 'Octubre', 'Septiembre']",5,0
7991,MICRO,"['Agosto', 'Diciembre', 'Noviembre', 'Octubre', 'Septiembre']",5,0
7992,MICRO,"['Agosto', 'Diciembre', 'Noviembre', 'Octubre', 'Septiembre']",5,0
7993,MICRO,"['Agosto', 'Diciembre', 'Noviembre', 'Octubre', 'Septiembre']",5,0
7994,MICRO,"['Agosto', 'Diciembre', 'Noviembre', 'Octubre', 'Septiembre']",5,0
7995,CHICO,"['Agosto', 'Diciembre', 'Noviembre', 'Octubre', 'Septiembre']",5,0
7996,MICRO,"['Agosto', 'Diciembre', 'Noviembre', 'Octubre', 'Septiembre']",5,0
7997,CHICO,"['Agosto', 'Diciembre', 'Noviembre', 'Octubre', 'Septiembre']",5,0
7998,GRANDE,"['Agosto', 'Diciembre', 'Noviembre', 'Octubre', 'Septiembre']",5,0
7999,CHICO,"['Agosto', 'Diciembre', 'Noviembre', 'Octubre']",4,0
8000,CHICO,"['Agosto', 'Diciembre', 'Noviembre', 'Octubre', 'Septiembre']",5,0
8001,MICRO,"['Agosto', 'Diciembre', 'Noviembre', 'Octubre', 'Septiembre']",5,0
8002,MEDIANO,"['Agosto', 'Diciembre', 'Noviembre', 'Octubre', 'Septiembre']",5,0
8003,CHICO,"['Agosto', 'Diciembre', 'Noviembre', 'Octubre', 'Septiembre']",5,0
8004,CHICO,"['Agosto', 'Diciembre', 'Noviembre', 'Octubre', 'Septiembre']",5,0
8005,MICRO,"['Agosto', 'Diciembre', 'Noviembre', 'Octubre', 'Septiembre']",5,0
8006,MEDIANO,"['Agosto', 'Diciembre', 'Noviembre', 'Octubre', 'Septiembre']",5,0
8007,MICRO,"['Agosto', 'Diciembre', 'Noviembre', 'Octubre', 'Septiembre']",5,0
8008,MICRO,"['Agosto', 'Diciembre', 'Noviembre', 'Octubre', 'Septiembre']",5,0
8009,MEDIANO,"['Agosto', 'Diciembre', 'Noviembre', 'Octubre', 'Septiembre']",5,0
8010,MICRO,"['Agosto', 'Diciembre', 'Noviembre', 'Octubre', 'Septiembre']",5,0
8011,CHICO,"['Agosto', 'Diciembre', 'Noviembre', 'Octubre', 'Septiembre']",5,0
8012,MICRO,"['Agosto', 'Noviembre', 'Octubre', 'Septiembre']",4,0
8013,MICRO,"['Agosto', 'Diciembre', 'Noviembre', 'Octubre', 'Septiembre']",5,0
8014,MICRO,"['Agosto', 'Diciembre', 'Noviembre', 'Octubre', 'Septiembre']",5,0
8015,MEDIANO,"['Agosto', 'Diciembre', 'Noviembre', 'Octubre', 'Septiembre']",5,0
8016,MICRO,"['Agosto', 'Diciembre', 'Noviembre', 'Octubre', 'Septiembre']",5,0
8017,MICRO,"['Agosto', 'Diciembre', 'Noviembre', 'Octubre', 'Septiembre']",5,0
8018,MICRO,"['Agosto', 'Diciembre', 'Noviembre', 'Octubre', 'Septiembre']",5,0
8019,MICRO,"['Agosto', 'Diciembre', 'Noviembre', 'Octubre', 'Septiembre']",5,0
8020,MICRO,"['Agosto', 'Diciembre', 'Noviembre', 'Octubre', 'Septiembre']",5,0
8021,CHICO,"['Agosto', 'Diciembre', 'Noviembre', 'Octubre', 'Septiembre']",5,0
8022,MEDIANO,"['Agosto', 'Diciembre', 'Noviembre', 'Octubre', 'Septiembre']",5,0
8023,MICRO,"['Agosto', 'Diciembre', 'Noviembre', 'Octubre', 'Septiembre']",5,0
8024,MEDIANO,"['Agosto', 'Diciembre', 'Noviembre', 'Octubre', 'Septiembre']",5,0
8025,MICRO,"['Agosto', 'Diciembre', 'Noviembre', 'Octubre', 'Septiembre']",5,0
8026,MICRO,"['Agosto', 'Diciembre', 'Noviembre', 'Octubre', 'Septiembre']",5,0
8027,MICRO,"['Agosto', 'Septiembre']",2,0
8028,CHICO,"['Agosto', 'Diciembre', 'Noviembre', 'Octubre', 'Septiembre']",5,0
8029,MICRO,"['Agosto', 'Diciembre', 'Noviembre', 'Octubre', 'Septiembre']",5,0
8030,CHICO,"['Agosto', 'Diciembre', 'Noviembre', 'Octubre', 'Septiembre']",5,0
8031,CHICO,"['Agosto', 'Diciembre', 'Noviembre', 'Octubre', 'Septiembre']",5,0
8032,MICRO,"['Agosto', 'Diciembre', 'Noviembre', 'Octubre', 'Septiembre']",5,0
8033,CHICO,"['Agosto', 'Diciembre', 'Noviembre', 'Octubre', 'Septiembre']",5,0
8034,MICRO,"['Agosto', 'Diciembre', 'Noviembre', 'Octubre', 'Septiembre']",5,0
8035,MICRO,"['Agosto', 'Diciembre', 'Noviembre', 'Octubre', 'Septiembre']",5,0
8036,MICRO,"['Agosto', 'Noviembre', 'Octubre', 'Septiembre']",4,0
8037,CHICO,"['Agosto', 'Diciembre', 'Noviembre', 'Octubre', 'Septiembre']",5,0
8038,MICRO,"['Agosto', 'Diciembre', 'Noviembre', 'Octubre', 'Septiembre']",5,0
8039,MICRO,"['Agosto', 'Diciembre', 'Noviembre', 'Octubre', 'Septiembre']",5,0
8040,CHICO,"['Agosto', 'Diciembre', 'Noviembre', 'Octubre', 'Septiembre']",5,0
8041,GRANDE,"['Agosto', 'Diciembre', 'Noviembre', 'Octubre', 'Septiembre']",5,0
8042,MICRO,"['Agosto', 'Octubre', 'Septiembre']",3,0
8043,MICRO,"['Agosto', 'Diciembre', 'Noviembre', 'Octubre', 'Septiembre']",5,0
8044,MICRO,"['Agosto', 'Diciembre', 'Noviembre', 'Octubre', 'Septiembre']",5,0
8045,MICRO,"['Agosto', 'Diciembre', 'Noviembre', 'Octubre', 'Septiembre']",5,0
8046,MICRO,"['Agosto', 'Diciembre', 'Noviembre', 'Octubre', 'Septiembre']",5,0
8047,MICRO,"['Agosto', 'Diciembre', 'Noviembre', 'Octubre', 'Septiembre']",5,0
8048,CHICO,"['Agosto', 'Diciembre', 'Noviembre', 'Octubre', 'Septiembre']",5,0
8049,MICRO,"['Agosto', 'Diciembre', 'Noviembre', 'Octubre', 'Septiembre']",5,0
8050,CHICO,"['Agosto', 'Diciembre', 'Noviembre', 'Octubre', 'Septiembre']",5,0
8051,MICRO,"['Agosto', 'Diciembre', 'Noviembre', 'Octubre', 'Septiembre']",5,0
8052,MICRO,"['Agosto', 'Diciembre', 'Noviembre', 'Octubre']",4,0
8053,CHICO,"['Agosto', 'Diciembre', 'Noviembre', 'Octubre', 'Septiembre']",5,0
8054,MICRO,"['Agosto', 'Diciembre', 'Noviembre', 'Octubre', 'Septiembre']",5,0
8055,MICRO,"['Agosto', 'Noviembre', 'Octubre', 'Septiembre']",4,0
8056,MICRO,"['Agosto', 'Septiembre']",2,0
8057,MICRO,"['Agosto', 'Diciembre', 'Noviembre', 'Octubre', 'Septiembre']",5,0
8058,MICRO,"['Agosto', 'Diciembre', 'Noviembre', 'Octubre', 'Septiembre']",5,0
8059,MICRO,"['Diciembre', 'Noviembre', 'Octubre', 'Septiembre']",4,0
8060,GRANDE,"['Diciembre', 'Noviembre', 'Octubre', 'Septiembre']",4,0
8061,MICRO,"['Diciembre', 'Noviembre', 'Octubre', 'Septiembre']",4,0
8062,MICRO,"['Diciembre', 'Noviembre', 'Octubre', 'Septiembre']",4,0
8063,MICRO,"['Diciembre', 'Noviembre', 'Octubre', 'Septiembre']",4,0
8064,MICRO,"['Diciembre', 'Noviembre', 'Octubre', 'Septiembre']",4,0
8065,CHICO,"['Diciembre', 'Noviembre', 'Octubre', 'Septiembre']",4,0
8066,MICRO,"['Diciembre', 'Noviembre', 'Octubre', 'Septiembre']",4,0
8067,MEDIANO,"['Diciembre', 'Noviembre', 'Octubre', 'Septiembre']",4,0
8068,MICRO,"['Diciembre', 'Noviembre', 'Octubre', 'Septiembre']",4,0
8069,MEDIANO,"['Diciembre', 'Noviembre', 'Octubre', 'Septiembre']",4,0
8070,MICRO,"['Diciembre', 'Noviembre', 'Octubre', 'Septiembre']",4,0
8071,CHICO,"['Diciembre', 'Noviembre', 'Octubre', 'Septiembre']",4,0
8072,CHICO,"['Diciembre', 'Noviembre', 'Octubre', 'Septiembre']",4,0
8073,MEDIANO,"['Diciembre', 'Noviembre', 'Octubre', 'Septiembre']",4,0
8074,MEDIANO,"['Diciembre', 'Noviembre', 'Octubre', 'Septiembre']",4,0
8075,MEDIANO,"['Diciembre', 'Noviembre', 'Octubre', 'Septiembre']",4,0
8076,MICRO,"['Diciembre', 'Noviembre', 'Octubre', 'Septiembre']",4,0
8077,MICRO,"['Diciembre', 'Noviembre', 'Octubre', 'Septiembre']",4,0
8078,CHICO,"['Diciembre', 'Noviembre', 'Octubre', 'Septiembre']",4,0
8079,MEDIANO,"['Diciembre', 'Noviembre', 'Octubre', 'Septiembre']",4,0
8080,MICRO,"['Diciembre', 'Noviembre', 'Octubre', 'Septiembre']",4,0
8081,CHICO,"['Diciembre', 'Noviembre', 'Octubre', 'Septiembre']",4,0
8082,MICRO,"['Diciembre', 'Noviembre', 'Octubre', 'Septiembre']",4,0
8083,MICRO,"['Diciembre', 'Noviembre', 'Octubre', 'Septiembre']",4,0
8084,MICRO,"['Diciembre', 'Noviembre', 'Octubre', 'Septiembre']",4,0
8085,CHICO,"['Diciembre', 'Noviembre', 'Octubre', 'Septiembre']",4,0
8086,MICRO,"['Diciembre', 'Noviembre', 'Octubre', 'Septiembre']",4,0
8087,MICRO,"['Noviembre', 'Octubre', 'Septiembre']",3,0
8088,MICRO,"['Diciembre', 'Noviembre', 'Octubre', 'Septiembre']",4,0
8089,MEDIANO,"['Diciembre', 'Noviembre', 'Octubre', 'Septiembre']",4,0
8090,MICRO,"['Diciembre', 'Noviembre', 'Octubre', 'Septiembre']",4,0
8091,MICRO,"['Diciembre', 'Noviembre', 'Octubre', 'Septiembre']",4,0
8092,MEDIANO,"['Diciembre', 'Noviembre', 'Octubre', 'Septiembre']",4,0
8093,MICRO,"['Diciembre', 'Noviembre', 'Octubre', 'Septiembre']",4,0
8094,MEDIANO,"['Diciembre', 'Noviembre', 'Octubre', 'Septiembre']",4,0
8095,CHICO,"['Diciembre', 'Noviembre', 'Octubre', 'Septiembre']",4,0
8096,MICRO,"['Diciembre', 'Noviembre', 'Octubre', 'Septiembre']",4,0
8097,MICRO,"['Noviembre', 'Octubre', 'Septiembre']",3,0
8098,MICRO,['Septiembre'],1,0
8099,CHICO,"['Diciembre', 'Noviembre', 'Octubre', 'Septiembre']",4,0
8100,MICRO,"['Diciembre', 'Noviembre', 'Octubre', 'Septiembre']",4,0
8101,CHICO,"['Diciembre', 'Noviembre', 'Octubre', 'Septiembre']",4,0
8102,MEDIANO,"['Diciembre', 'Noviembre', 'Octubre', 'Septiembre']",4,0
8103,MICRO,"['Diciembre', 'Noviembre', 'Octubre', 'Septiembre']",4,0
8104,CHICO,"['Diciembre', 'Noviembre', 'Octubre', 'Septiembre']",4,0
8105,MICRO,"['Diciembre', 'Noviembre', 'Octubre', 'Septiembre']",4,0
8106,MICRO,"['Diciembre', 'Noviembre', 'Octubre', 'Septiembre']",4,0
8107,MICRO,"['Diciembre', 'Noviembre', 'Octubre', 'Septiembre']",4,0
8108,MICRO,"['Diciembre', 'Noviembre', 'Octubre', 'Septiembre']",4,0
8109,MEDIANO,"['Diciembre', 'Noviembre', 'Octubre', 'Septiembre']",4,0
8110,MEDIANO,"['Diciembre', 'Noviembre', 'Octubre', 'Septiembre']",4,0
8111,MICRO,"['Diciembre', 'Noviembre', 'Octubre', 'Septiembre']",4,0
8112,MICRO,"['Diciembre', 'Noviembre', 'Octubre', 'Septiembre']",4,0
8113,MICRO,"['Diciembre', 'Noviembre', 'Octubre', 'Septiembre']",4,0
8114,MICRO,"['Diciembre', 'Noviembre', 'Octubre', 'Septiembre']",4,0
8115,CHICO,"['Diciembre', 'Noviembre', 'Octubre', 'Septiembre']",4,0
8116,MICRO,"['Diciembre', 'Noviembre', 'Octubre', 'Septiembre']",4,0
8117,CHICO,"['Diciembre', 'Noviembre', 'Octubre', 'Septiembre']",4,0
8118,CHICO,"['Diciembre', 'Noviembre', 'Octubre', 'Septiembre']",4,0
8119,MICRO,"['Diciembre', 'Noviembre', 'Octubre', 'Septiembre']",4,0
8120,MICRO,"['Diciembre', 'Noviembre', 'Octubre', 'Septiembre']",4,0
8121,MICRO,"['Diciembre', 'Noviembre', 'Octubre', 'Septiembre']",4,0
8122,MICRO,"['Diciembre', 'Noviembre', 'Octubre', 'Septiembre']",4,0
8123,MEDIANO,"['Diciembre', 'Noviembre', 'Octubre', 'Septiembre']",4,0
8124,CHICO,"['Diciembre', 'Noviembre', 'Octubre', 'Septiembre']",4,0
8125,MICRO,"['Diciembre', 'Noviembre', 'Octubre', 'Septiembre']",4,0
8126,MICRO,"['Noviembre', 'Octubre', 'Septiembre']",3,0
8127,MICRO,"['Diciembre', 'Noviembre', 'Octubre', 'Septiembre']",4,0
8128,CHICO,"['Diciembre', 'Noviembre', 'Octubre', 'Septiembre']",4,0
8129,MICRO,"['Diciembre', 'Noviembre', 'Octubre', 'Septiembre']",4,0
8130,MICRO,"['Diciembre', 'Noviembre', 'Octubre', 'Septiembre']",4,0
8131,MICRO,"['Noviembre', 'Octubre', 'Septiembre']",3,0
8132,MICRO,"['Diciembre', 'Noviembre', 'Octubre', 'Septiembre']",4,0
8133,MICRO,"['Diciembre', 'Noviembre', 'Octubre']",3,0
8134,MICRO,"['Diciembre', 'Noviembre', 'Octubre']",3,0
8135,MICRO,"['Diciembre', 'Noviembre', 'Octubre']",3,0
8136,MICRO,"['Diciembre', 'Noviembre', 'Octubre']",3,0
8137,MICRO,"['Diciembre', 'Noviembre', 'Octubre']",3,0
8138,CHICO,"['Diciembre', 'Noviembre', 'Octubre']",3,0
8139,MICRO,"['Diciembre', 'Noviembre', 'Octubre']",3,0
8140,CHICO,"['Diciembre', 'Noviembre', 'Octubre']",3,0
8141,MEDIANO,"['Diciembre', 'Noviembre', 'Octubre']",3,0
8142,MICRO,"['Diciembre', 'Noviembre', 'Octubre']",3,0
8143,CHICO,"['Diciembre', 'Noviembre', 'Octubre']",3,0
8144,MICRO,"['Diciembre', 'Noviembre', 'Octubre']",3,0
8145,MICRO,"['Diciembre', 'Noviembre', 'Octubre']",3,0
8146,MICRO,"['Diciembre', 'Noviembre', 'Octubre']",3,0
8147,MICRO,"['Diciembre', 'Noviembre', 'Octubre']",3,0
8148,MICRO,"['Diciembre', 'Noviembre', 'Octubre']",3,0
8149,CHICO,"['Diciembre', 'Noviembre', 'Octubre']",3,0
8150,MICRO,"['Diciembre', 'Noviembre', 'Octubre']",3,0
8151,MICRO,"['Diciembre', 'Noviembre', 'Octubre']",3,0
8152,CHICO,"['Diciembre', 'Noviembre', 'Octubre']",3,0
8153,MICRO,['Octubre'],1,0
8154,MICRO,"['Diciembre', 'Noviembre', 'Octubre']",3,0
8155,MICRO,"['Diciembre', 'Noviembre', 'Octubre']",3,0
8156,MICRO,"['Diciembre', 'Noviembre', 'Octubre']",3,0
8157,MICRO,"['Diciembre', 'Noviembre', 'Octubre']",3,0
8158,MICRO,"['Diciembre', 'Noviembre', 'Octubre']",3,0
8159,EXT-GDE,"['Diciembre', 'Noviembre', 'Octubre']",3,0
8160,MICRO,"['Diciembre', 'Noviembre', 'Octubre']",3,0
8161,MICRO,"['Diciembre', 'Noviembre', 'Octubre']",3,0
8162,MICRO,['Diciembre'],1,0
8163,MICRO,"['Diciembre', 'Noviembre', 'Octubre']",3,0
8164,MEDIANO,"['Diciembre', 'Noviembre', 'Octubre']",3,0
8165,MICRO,"['Diciembre', 'Noviembre', 'Octubre']",3,0
8166,MICRO,"['Diciembre', 'Noviembre', 'Octubre']",3,0
8167,GRANDE,"['Diciembre', 'Noviembre', 'Octubre']",3,0
8168,MICRO,"['Diciembre', 'Noviembre', 'Octubre']",3,0
8169,CHICO,"['Diciembre', 'Noviembre', 'Octubre']",3,0
8170,MICRO,"['Diciembre', 'Noviembre']",2,0
8171,MEDIANO,"['Diciembre', 'Noviembre', 'Octubre']",3,0
8172,CHICO,"['Diciembre', 'Noviembre', 'Octubre']",3,0
8173,MEDIANO,"['Diciembre', 'Noviembre', 'Octubre']",3,0
8174,MICRO,"['Diciembre', 'Noviembre', 'Octubre']",3,0
8175,CHICO,"['Diciembre', 'Noviembre', 'Octubre']",3,0
8176,MICRO,"['Diciembre', 'Noviembre', 'Octubre']",3,0
8177,MICRO,"['Diciembre', 'Noviembre', 'Octubre']",3,0
8178,MICRO,"['Diciembre', 'Noviembre', 'Octubre']",3,0
8179,CHICO,"['Diciembre', 'Noviembre', 'Octubre']",3,0
8180,CHICO,"['Diciembre', 'Noviembre', 'Octubre']",3,0
8181,MEDIANO,"['Diciembre', 'Noviembre', 'Octubre']",3,0
8182,MICRO,"['Diciembre', 'Noviembre']",2,0
8183,MICRO,"['Noviembre', 'Octubre']",2,0
8184,CHICO,"['Diciembre', 'Noviembre', 'Octubre']",3,0
8185,MICRO,"['Diciembre', 'Noviembre', 'Octubre']",3,0
8186,MEDIANO,"['Diciembre', 'Noviembre', 'Octubre']",3,0
8187,CHICO,"['Diciembre', 'Noviembre', 'Octubre']",3,0
8188,MICRO,"['Diciembre', 'Noviembre', 'Octubre']",3,0
8189,CHICO,"['Diciembre', 'Noviembre', 'Octubre']",3,0
8190,MICRO,"['Diciembre', 'Noviembre', 'Octubre']",3,0
8191,MICRO,"['Diciembre', 'Noviembre', 'Octubre']",3,0
8192,MEDIANO,"['Diciembre', 'Noviembre', 'Octubre']",3,0
8193,CHICO,"['Diciembre', 'Noviembre', 'Octubre']",3,0
8194,MICRO,"['Diciembre', 'Noviembre', 'Octubre']",3,0
8195,MEDIANO,"['Diciembre', 'Noviembre', 'Octubre']",3,0
8196,CHICO,"['Diciembre', 'Noviembre', 'Octubre']",3,0
8197,MEDIANO,"['Diciembre', 'Noviembre', 'Octubre']",3,0
8198,CHICO,"['Diciembre', 'Noviembre', 'Octubre']",3,0
8199,MEDIANO,"['Diciembre', 'Noviembre', 'Octubre']",3,0
8200,MEDIANO,"['Diciembre', 'Noviembre', 'Octubre']",3,0
8201,CHICO,"['Diciembre', 'Noviembre', 'Octubre']",3,0
8202,MEDIANO,"['Diciembre', 'Noviembre', 'Octubre']",3,0
8203,MICRO,"['Diciembre', 'Noviembre', 'Octubre']",3,0
8204,MICRO,"['Diciembre', 'Noviembre', 'Octubre']",3,0
8205,MICRO,"['Diciembre', 'Noviembre', 'Octubre']",3,0
8206,EXT-GDE,"['Diciembre', 'Noviembre']",2,0
8207,CHICO,"['Diciembre', 'Noviembre', 'Octubre']",3,0
8208,MEDIANO,"['Diciembre', 'Noviembre', 'Octubre']",3,0
8209,CHICO,"['Diciembre', 'Noviembre', 'Octubre']",3,0
8210,MICRO,"['Diciembre', 'Noviembre', 'Octubre']",3,0
8211,GRANDE,"['Diciembre', 'Noviembre']",2,0
8212,MICRO,"['Diciembre', 'Noviembre', 'Octubre']",3,0
8213,MICRO,"['Diciembre', 'Noviembre', 'Octubre']",3,0
8214,MICRO,"['Diciembre', 'Noviembre']",2,0
8215,MEDIANO,"['Diciembre', 'Noviembre']",2,0
8216,MICRO,"['Diciembre', 'Noviembre']",2,0
8217,MICRO,"['Diciembre', 'Noviembre']",2,0
8218,MICRO,"['Diciembre', 'Noviembre']",2,0
8219,MEDIANO,"['Diciembre', 'Noviembre']",2,0
8220,MEDIANO,"['Diciembre', 'Noviembre']",2,0
8221,MEDIANO,"['Diciembre', 'Noviembre']",2,0
8222,CHICO,"['Diciembre', 'Noviembre']",2,0
8223,MICRO,"['Diciembre', 'Noviembre']",2,0
8224,MICRO,"['Diciembre', 'Noviembre']",2,0
8225,MICRO,"['Diciembre', 'Noviembre']",2,0
8226,MICRO,"['Diciembre', 'Noviembre']",2,0
8227,MICRO,"['Diciembre', 'Noviembre']",2,0
8228,MICRO,"['Diciembre', 'Noviembre']",2,0
8229,MEDIANO,"['Diciembre', 'Noviembre']",2,0
8230,MICRO,"['Diciembre', 'Noviembre']",2,0
8231,MEDIANO,"['Diciembre', 'Noviembre']",2,0
8232,MICRO,"['Diciembre', 'Noviembre']",2,0
8233,CHICO,"['Diciembre', 'Noviembre']",2,0
8234,CHICO,"['Diciembre', 'Noviembre']",2,0
8235,CHICO,"['Diciembre', 'Noviembre']",2,0
8236,MICRO,"['Diciembre', 'Noviembre']",2,0
8237,MICRO,"['Diciembre', 'Noviembre']",2,0
8238,MICRO,"['Diciembre', 'Noviembre']",2,0
8239,MICRO,"['Diciembre', 'Noviembre']",2,0
8240,MICRO,"['Diciembre', 'Noviembre']",2,0
8241,MICRO,"['Diciembre', 'Noviembre']",2,0
8242,CHICO,"['Diciembre', 'Noviembre']",2,0
8243,MEDIANO,"['Diciembre', 'Noviembre']",2,0
8244,MICRO,"['Diciembre', 'Noviembre']",2,0
8245,MICRO,"['Diciembre', 'Noviembre']",2,0
8246,MICRO,"['Diciembre', 'Noviembre']",2,0
8247,MICRO,"['Diciembre', 'Noviembre']",2,0
8248,MICRO,"['Diciembre', 'Noviembre']",2,0
8249,MICRO,"['Diciembre', 'Noviembre']",2,0
8250,MICRO,['Diciembre'],1,0
8251,MEDIANO,"['Diciembre', 'Noviembre']",2,0
8252,MICRO,"['Diciembre', 'Noviembre']",2,0
8253,MEDIANO,"['Diciembre', 'Noviembre']",2,0
8254,MICRO,"['Diciembre', 'Noviembre']",2,0
8255,CHICO,"['Diciembre', 'Noviembre']",2,0
8256,CHICO,"['Diciembre', 'Noviembre']",2,0
8257,MICRO,"['Diciembre', 'Noviembre']",2,0
8258,CHICO,"['Diciembre', 'Noviembre']",2,0
8259,CHICO,['Diciembre'],1,0
8260,MICRO,"['Diciembre', 'Noviembre']",2,0
8261,CHICO,"['Diciembre', 'Noviembre']",2,0
8262,CHICO,"['Diciembre', 'Noviembre']",2,0
8263,MICRO,"['Diciembre', 'Noviembre']",2,0
8264,MICRO,"['Diciembre', 'Noviembre']",2,0
8265,MICRO,['Diciembre'],1,0
8266,MICRO,"['Diciembre', 'Noviembre']",2,0
8267,MICRO,"['Diciembre', 'Noviembre']",2,0
8268,CHICO,"['Diciembre', 'Noviembre']",2,0
8269,CHICO,"['Diciembre', 'Noviembre']",2,0
8270,MICRO,"['Diciembre', 'Noviembre']",2,0
8271,MICRO,"['Diciembre', 'Noviembre']",2,0
8272,MEDIANO,['Diciembre'],1,0
8273,MICRO,['Diciembre'],1,0
8274,CHICO,['Diciembre'],1,0
8275,MICRO,['Diciembre'],1,0
8276,MICRO,['Diciembre'],1,0
8277,MICRO,['Diciembre'],1,0
8278,MEDIANO,['Diciembre'],1,0
8279,MICRO,['Diciembre'],1,0
8280,CHICO,['Diciembre'],1,0
8281,MICRO,['Diciembre'],1,0
8282,MICRO,['Diciembre'],1,0
8283,CHICO,['Diciembre'],1,0
8284,CHICO,['Diciembre'],1,0
8285,MEDIANO,['Diciembre'],1,0
8286,MICRO,['Diciembre'],1,0
8287,CHICO,['Diciembre'],1,0
8288,MICRO,['Diciembre'],1,0
8289,MICRO,['Diciembre'],1,0
8290,MICRO,['Diciembre'],1,0
8291,EXT-GDE,['Diciembre'],1,0
8292,MEDIANO,['Diciembre'],1,0
8293,MICRO,['Diciembre'],1,0
8294,MICRO,['Diciembre'],1,0
8295,MICRO,['Diciembre'],1,0
8296,MICRO,['Diciembre'],1,0
8297,MEDIANO,['Diciembre'],1,0
8299,CHICO,['Diciembre'],1,0
8301,MICRO,['Diciembre'],1,0
8302,CHICO,['Diciembre'],1,0
8303,CHICO,['Diciembre'],1,0
8304,MEDIANO,['Diciembre'],1,0
8305,CHICO,['Diciembre'],1,0
8306,MICRO,['Diciembre'],1,0
8308,MICRO,['Diciembre'],1,0
8309,GRANDE,['Diciembre'],1,0
8310,CHICO,['Diciembre'],1,0
8311,MICRO,['Diciembre'],1,0
8312,MICRO,['Diciembre'],1,0
8313,MEDIANO,['Diciembre'],1,0
8315,MICRO,['Diciembre'],1,0
8316,MICRO,['Diciembre'],1,0
8317,MEDIANO,['Diciembre'],1,0
8318,CHICO,['Diciembre'],1,0
8319,MICRO,['Diciembre'],1,0
8320,MEDIANO,['Diciembre'],1,0
8321,MICRO,['Diciembre'],1,0
8322,MICRO,['Diciembre'],1,0
8323,MICRO,['Diciembre'],1,0
8324,MICRO,['Diciembre'],1,0
8325,MICRO,['Diciembre'],1,0
8326,MICRO,['Diciembre'],1,0
8327,MEDIANO,['Diciembre'],1,0
8328,MICRO,['Diciembre'],1,0
8330,MEDIANO,['Diciembre'],1,0
8331,MICRO,['Diciembre'],1,0
8332,CHICO,['Diciembre'],1,0
8333,GRANDE,['Diciembre'],1,0
8335,MICRO,['Diciembre'],1,0
8336,MICRO,['Diciembre'],1,0
8337,CHICO,['Diciembre'],1,0
8338,MICRO,['Diciembre'],1,0
